Miasto,Dzielnica,Ulica,Cena,Cena_m2,Powierzchnia,Pokoje,Powierzchnia użytkowa,Piętro_nr,Liczba pięter,Balkon,Rynek,Forma własności,Zaktualizowano,Opublikowano,Typ budynku,Rok budowy,Deweloper,Inwestycja,Wysokość wnętrza,Powierzchnia tarasu,Materiał budowlany,Stan nieruchomości,Liczba sypialni,Typ kuchni,Liczba łazienek,Czy łazienka z WC,Powierzchnia balkonu,Powierzchnia łazienki,Cena do negocjacji,Czy przy mieszkaniu jest ogródek
Warszawa,Mokotów,Gotarda,420000.0,12173.91,34.5,2.0,34.5,2.0,4.0,,wtórny,HIPOTECZNE,2 lipca 2020,30 czerwca 2020,BLOK,1970.0,,,280.0,,RAMA H,DO REMONTU,1.0,CIEMNA,,razem,,,,
Warszawa,Żerań,Marywilska 62,417141.0,7308.0,57.08,3.0,57.08,4.0,,,pierwotny,,6 lipca 2020,21 lutego 2020,,2021.0,RONSON DEVELOPMENT SP. Z O.O.,Miasto Moje,,,,,,,,,,,,
Warszawa,Grochów,Osiecka 57/59,522764.0,10900.0,47.96,2.0,47.96,2.0,,,pierwotny,,6 lipca 2020,16 lipca 2019,,2020.0,GRUPA INWEST,Nova Praga - Osiecka,,,,,,,,,,,,
Warszawa,Mokotów,Zakrzewska,380000.0,11645.72,32.63,1.0,32.63,1.0,2.0,,wtórny,,3 lipca 2020,3 lipca 2020,KAMIENICA,1930.0,,,,,CEGŁA,,,,,,,,,
Warszawa,Praga-Północ,Saska,480000.0,11707.32,41.0,2.0,41.0,0.0,,,wtórny,SPÓŁ. WŁASNOŚCIOWE,2020-07-07,3 lipca 2020,,,,,,,MIESZANY,DOBRY,,ODDZIELNA,1.0,,,,,
Warszawa,Wola,,602550.0,20085.0,30.0,1.0,30.0,0.0,,,wtórny,,2 lipca 2020,2 lipca 2020,APARTAMENTOWIEC,2015.0,,,,,"BETON, CEGŁA",DO WPROWADZENIA,,,,,,,,
Warszawa,Wawer,Palmowa,519000.0,5703.3,91.0,4.0,91.0,0.0,,,wtórny,,25 czerwca 2020,25 czerwca 2020,APARTAMENTOWIEC,,,,,,,DEWELOPERSKI,,,,,,,,
Warszawa,Stara Praga,,890000.0,11866.67,75.0,3.0,75.0,2.0,4.0,1.0,wtórny,WŁASNOŚĆ,2 lipca 2020,2 lipca 2020,,1928.0,,,300.0,,CEGŁA,BARDZO DOBRY,,ANEKS,,,,,,
Warszawa,Białołęka,Berensona,452000.0,7558.53,59.8,3.0,59.8,1.0,2.0,1.0,wtórny,WŁASNOŚĆ,2020-07-07,wczoraj,BUDYNEK WIELORODZINNY,2020.0,,,300.0,,,DEVELOPERSKI,,,,,6.0,,,
Warszawa,Wilanów,Bruzdowa,975712.0,8750.0,111.51,5.0,111.51,0.0,2.0,,pierwotny,WŁASNOŚĆ,23 czerwca 2020,23 czerwca 2020,APARTAMENTOWIEC,2020.0,,,260.0,,,DO WYKOŃCZENIA,,,2.0,,,,,
Warszawa,Stegny,,711454.0,9256.49,76.86,4.0,76.86,1.0,6.0,,pierwotny,WŁASNOŚĆ,2 lipca 2020,25 czerwca 2020,APARTAMENTOWIEC,2020.0,,,265.0,,ŻELBETON,DEWELOPERSKI,3.0,ANEKS KUCHENNY,1.0,razem,6.17,4.84,,
Warszawa,Bródno,Turmoncka,395000.0,8404.26,47.0,3.0,47.0,2.0,4.0,1.0,wtórny,WŁASNOŚĆ,2020-07-08,24 czerwca 2020,,1970.0,,,,,WIELKA PŁYTA,,,Z OKNEM,,,,,,
Warszawa,Wola,Chłodna,875000.0,8983.57,97.4,4.0,97.4,11.0,11.0,0.0,wtórny,WŁASNOŚĆ,24 czerwca 2020,24 czerwca 2020,BLOK,1978.0,,,250.0,,RAMA H,BARDZO DOBRY,,WIDNA I OTWARTA,1.0,,,4.65,,
Warszawa,Mokotów,"Dywizjonu AK ""Jeleń""",499000.0,10119.65,49.31,2.0,49.31,2.0,3.0,1.0,wtórny,WŁASNOŚĆ,2020-07-08,29 czerwca 2020,APARTAMENTOWIEC,2020.0,,,,,,DO WYKOŃCZENIA,,ODDZIELNA,1.0,,,,,
Warszawa,Wola,,640000.0,13617.02,47.0,2.0,47.0,4.0,6.0,,wtórny,WŁASNOŚĆ,2020-07-07,wczoraj,,2011.0,,,,,MIESZANY,BARDZO DOBRY,,ANEKS KUCHENNY,1.0,,,,,
Warszawa,Targówek,Janinówka,560000.0,10275.23,54.5,3.0,54.5,6.0,7.0,,wtórny,WŁASNOŚĆ,23 czerwca 2020,23 czerwca 2020,BLOK,1977.0,,,270.0,,,DO WPROWADZENIA,,,,,,,,
Warszawa,Mokotów,Puławska,640000.0,11469.53,55.8,4.0,55.8,2.0,6.0,0.0,wtórny,SPÓŁDZIELCZE WŁASNOŚCIOWE Z KW,2020-07-07,wczoraj,BLOK,1960.0,,,252.0,,RAMA H,BARDZO DOBRY,,W PRZEDPOKOJU,1.0,,,2.8,,
Warszawa,Ursynów,,340000.0,10862.62,31.3,1.0,31.3,5.0,10.0,,wtórny,,26 czerwca 2020,26 czerwca 2020,WIEŻOWIEC,,,,,,RAMA H,DOBRY,,Z OKNEM,,,,,,
Warszawa,Wola,Jana Kazimierza,949000.0,13557.14,70.0,4.0,70.0,5.0,7.0,1.0,wtórny,WŁASNOŚĆ,29 czerwca 2020,27 kwietnia 2020,APARTAMENTOWIEC,2020.0,,,272.0,,CEGŁA,,,ANEKS,,,,,,
Warszawa,Targówek,Matki Teresy z Kalkuty,576000.0,9600.0,60.0,3.0,60.0,1.0,3.0,1.0,pierwotny,,2020-07-08,dzisiaj,,2020.0,,,,,,,2.0,,,,,,,
Warszawa,Wola,Okocimska,530000.0,8668.63,61.14,3.0,61.14,1.0,10.0,,wtórny,SPÓŁDZ. - WŁASN. Z KW,2020-07-07,wczoraj,BLOK,,,,,,,,,,,,,,,
Warszawa,Żoliborz,,320000.0,11851.85,27.0,1.0,27.0,5.0,10.0,,wtórny,,25 czerwca 2020,25 czerwca 2020,BLOK,1970.0,,,,,WIELKA PŁYTA,DO ODNOWIENIA,,,,,,,,
Warszawa,Wawer,Bysławska,412500.0,8505.15,48.5,2.0,48.5,4.0,7.0,,pierwotny,,22 czerwca 2020,24 czerwca 2020,APARTAMENTOWIEC,2020.0,,,,,,DEWELOPERSKI,,,,,,,,
Warszawa,Bemowo,Batalionów Chłopskich,565400.0,9973.54,56.69,3.0,56.69,3.0,4.0,,pierwotny,WŁASNOŚĆ,30 czerwca 2020,30 czerwca 2020,BLOK MIESZKALNY,2022.0,,,,,ŻELBETON,,,,,,,,,
Warszawa,Żerań,Marywilska 62,338586.0,7922.0,42.74,2.0,42.74,3.0,,,pierwotny,,6 lipca 2020,21 lutego 2020,,2021.0,RONSON DEVELOPMENT SP. Z O.O.,Miasto Moje,,,,,,,,,,,,
Warszawa,Gocław,Jeziorańskiego,839000.0,12047.67,69.64,3.0,69.64,0.0,6.0,,wtórny,WŁASNOŚĆ,2020-07-08,4 lipca 2020,APARTAMENTOWIEC,2016.0,,,,27.7,CEGŁA,PODWYŻSZONY STANDARD,2.0,"OTWARTA NA POKÓJ, ODDZIELNA WIDNA, WIDNA",1.0,,,4.5,,
Warszawa,Bielany,Perzyńskiego,325000.0,14130.43,23.0,1.0,23.0,7.0,10.0,,wtórny,ODRĘBNA WŁASNOŚĆ,6 lipca 2020,2 lipca 2020,,,,,250.0,,,BARDZO DOBRY,,ANEKS KUCHENNY,1.0,osobno,,2.8,,
Warszawa,Śródmieście,Pamiętajcie o Ogrodach,647863.0,12885.1,50.28,2.0,50.28,1.0,9.0,,pierwotny,,6 lipca 2020,6 lipca 2020,APARTAMENTOWIEC,2021.0,,,,,,,,,,,,,,
Warszawa,Żerań,Marywilska 62,462733.0,7254.0,63.79,3.0,63.79,5.0,,1.0,pierwotny,,6 lipca 2020,21 lutego 2020,,2021.0,RONSON DEVELOPMENT SP. Z O.O.,Miasto Moje,,,,,,,,,8.08,,,
Warszawa,Stary Żoliborz,Krasińskiego,728000.0,14484.68,50.26,2.0,50.26,2.0,4.0,,wtórny,WŁASNOŚĆ,6 lipca 2020,3 lipca 2020,KAMIENICA,1950.0,,,,0.0,CEGŁA,PODWYŻSZONY STANDARD,1.0,"OTWARTA NA POKÓJ, ODDZIELNA WIDNA",1.0,,,3.0,,
Warszawa,Praga-Północ,Wileńska,479000.0,10527.47,45.5,2.0,45.5,1.0,8.0,,wtórny,,24 czerwca 2020,24 czerwca 2020,APARTAMENTOWIEC,2020.0,,,,,,,1.0,,,,,,,
Warszawa,Bielany,Przy Agorze,417000.0,10973.68,38.0,3.0,38.0,1.0,4.0,,wtórny,WŁASNOŚĆ,2020-07-07,6 lipca 2020,BLOK,1960.0,,,,,WIELKA PŁYTA,,,ODDZIELNA,,,,,,
Warszawa,Ochota,,669999.0,14565.2,46.0,2.0,46.0,0.0,,,wtórny,SPÓŁ. WŁASNOŚCIOWE Z KW,6 lipca 2020,23 czerwca 2020,,1929.0,,,,,CEGŁA,BARDZO DOBRY,,ANEKS KUCHENNY,1.0,,,,,
Warszawa,Sady Żoliborskie,Przasnyska,645000.0,14384.48,44.84,2.0,44.84,4.0,9.0,,wtórny,,3 czerwca 2020,wczoraj,APARTAMENTOWIEC,2013.0,,,,,,DO WPROWADZENIA,1.0,ANEKS KUCHENNY - POŁĄCZONY Z SALONEM,1.0,razem,,4.3,,
Warszawa,Praga-Północ,Szwedzka,630000.0,9618.32,65.5,3.0,65.5,1.0,3.0,1.0,wtórny,WŁASNOŚĆ,6 lipca 2020,1 lipca 2020,KAMIENICA,1942.0,,,320.0,,CEGŁA,,,BEZ OKNA,1.0,,,,,
Warszawa,Bielany,Podleśna,299000.0,11960.0,25.0,1.0,25.0,4.0,11.0,,wtórny,SPÓŁDZIELCZE WŁASNOŚCIOWE,6 lipca 2020,3 lipca 2020,WIEŻOWIEC,1970.0,,,,,,DO REMONTU,,Z OKNEM,,,,,,
Warszawa,Bemowo,,592425.0,10970.83,54.0,2.0,54.0,4.0,4.0,,wtórny,WŁASNOŚĆ,6 lipca 2020,4 lipca 2020,,2010.0,,,,,CEGŁA,BARDZO DOBRY,,"JASNA, ODDZIELNA",1.0,,,,,
Warszawa,Śródmieście,Górnośląska,470000.0,16206.9,29.0,2.0,29.0,2.0,16.0,,wtórny,,29 czerwca 2020,2 lipca 2020,,,,,,,,,,,,,,,,
Warszawa,Ochota,,400000.0,9960.16,40.16,2.0,40.16,0.0,4.0,,pierwotny,,3 lipca 2020,3 lipca 2020,APARTAMENTOWIEC,2021.0,,,,,,DO WYKOŃCZENIA,,,,,,,,
Warszawa,Białołęka,Zdziarska,341285.0,6239.21,54.7,2.0,54.7,2.0,2.0,1.0,pierwotny,,24 czerwca 2020,24 czerwca 2020,,2021.0,,,,,,,,,,,,,,
Warszawa,Wyczółki,Złoty Potok,750000.0,12711.86,59.0,3.0,59.0,1.0,5.0,1.0,wtórny,WŁASNOŚĆ,6 lipca 2020,2 lipca 2020,APARTAMENTOWIEC,2019.0,,,,6.82,CEGŁA,PODWYŻSZONY STANDARD,2.0,OTWARTA NA POKÓJ,1.0,,6.82,4.98,,
Warszawa,Gocław,Motorowa,999900.0,10954.21,91.28,4.0,91.28,3.0,6.0,,wtórny,,2 lipca 2020,2 lipca 2020,APARTAMENTOWIEC,2020.0,,,,,,,3.0,,,,,,,
Warszawa,Białołęka,Majolikowa,410000.0,6833.33,60.0,2.0,60.0,2.0,3.0,1.0,wtórny,WŁASNOŚĆ,2 lipca 2020,25 czerwca 2020,BLOK,2010.0,,,,,,BARDZO DOBRY,,WIDNA,,razem,,,,
Warszawa,Praga-Południe,Paca Michała,730000.0,8907.87,81.95,3.0,,0.0,5.0,,wtórny,,5 lipca 2020,22 czerwca 2020,,,,,,,,,,,,,,,,
Warszawa,Mokotów,Konduktorska,747500.0,11500.0,65.0,3.0,65.0,3.0,4.0,,wtórny,SPÓŁDZIELCZE WŁASNOŚCIOWE Z KW,2020-07-07,30 czerwca 2020,NISKI BLOK,1990.0,,,270.0,,CEGŁA,DO REMONTU,,Z OKNEM,1.0,,,,,
Warszawa,Mokotów,Bartycka,920000.0,11084.34,83.0,4.0,83.0,2.0,3.0,1.0,wtórny,WŁASNOŚĆ,2020-07-08,2 lipca 2020,NISKI BLOK,1995.0,,,,,CEGŁA,,,ANEKS KUCHENNY,,,,,,
Warszawa,Włochy,Przerwana,655840.0,8899.99,73.69,3.0,73.69,1.0,5.0,1.0,pierwotny,WŁASNOŚĆ,2020-07-07,24 czerwca 2020,NISKI BLOK,2019.0,,,,,,,,,,,,,,
Warszawa,Targówek,,499000.0,8316.67,60.0,3.0,60.0,2.0,10.0,,wtórny,SPÓŁ. WŁASNOŚCIOWE Z KW,3 lipca 2020,2 lipca 2020,,,,,,,RAMA H,BARDZO DOBRY,,JASNA,1.0,,,,,
Warszawa,Stara Ochota,,505000.0,11882.35,42.5,2.0,42.5,6.0,10.0,,wtórny,,2020-07-07,1 lipca 2020,,1968.0,,,,,,,,,,,,,,
Warszawa,Bemowo,Batalionów Chłopskich,565000.0,9970.0,56.67,3.0,56.67,3.0,4.0,1.0,wtórny,WŁASNOŚĆ,2020-07-08,29 czerwca 2020,BLOK MIESZKALNY,,,,260.0,,MIESZANA,DEWELOPERSKI,,,,,,,,
Warszawa,Rembertów,Płatnerska,470000.0,7833.33,60.0,3.0,60.0,4.0,4.0,1.0,wtórny,WŁASNOŚĆ,2020-07-07,wczoraj,NISKI BLOK,1990.0,,,260.0,,RAMA H,DOBRY,,Z OKNEM,,,,,,
Warszawa,Białołęka,Wyspiarska,445000.0,7254.65,61.34,3.0,61.34,2.0,5.0,1.0,pierwotny,,2 lipca 2020,2 lipca 2020,BLOK MIESZKALNY,2020.0,,,,,,,,,,,,,,
Warszawa,Wola,Kluczborska,439000.0,9977.27,44.0,2.0,44.0,6.0,,,wtórny,,3 lipca 2020,24 czerwca 2020,,,,,,,,,,,,,,,,
Warszawa,Mokotów,al. Lotników,365000.0,9605.26,38.0,2.0,,2.0,4.0,,wtórny,,6 lipca 2020,6 lipca 2020,,,,,,,,,,,,,,,1.0,
Warszawa,Wilanów,,1000000.0,13888.89,72.0,3.0,72.0,1.0,4.0,,wtórny,,3 lipca 2020,3 lipca 2020,,,,,,,,,2.0,,,,,,,
Warszawa,Ursynów,,566000.0,8346.85,67.81,3.0,67.81,4.0,4.0,,pierwotny,,19 czerwca 2020,3 lipca 2020,APARTAMENTOWIEC,2019.0,,,270.0,,MIESZANA,DEWELOPERSKI,2.0,ODDZIELNA,,razem,5.0,,,
Warszawa,Tarchomin,,349000.0,7755.56,45.0,2.0,45.0,9.0,12.0,,wtórny,SPÓŁDZIELCZE WŁASNOŚCIOWE Z KW,6 lipca 2020,6 lipca 2020,BLOK,1982.0,,,,,WIELKA PŁYTA,,,,,,,,,
Warszawa,Sady Żoliborskie,Rydygiera,900000.0,13125.27,68.57,3.0,68.57,3.0,6.0,,wtórny,WŁASNOŚĆ,30 czerwca 2020,30 czerwca 2020,APARTAMENTOWIEC,2015.0,,,,,CEGŁA,BARDZO DOBRY,,,,,10.4,,,
Warszawa,Wilanów,Nałęczowska,650000.0,9285.71,70.0,5.0,70.0,8.0,10.0,1.0,wtórny,SPÓŁDZIELCZE WŁASNOŚCIOWE,6 lipca 2020,6 lipca 2020,BLOK,1975.0,,,250.0,,WIELKA PŁYTA,PO GENERALNYM REMONCIE,,ANEKS,,,6.0,,,
Warszawa,Żerań,Marywilska,451500.0,6967.59,64.8,3.0,64.8,1.0,5.0,,pierwotny,,1 lipca 2020,1 lipca 2020,,2020.0,,,,,,,,,,,,,,
Warszawa,Tarchomin,Talarowa,307000.0,8771.43,35.0,2.0,35.0,1.0,3.0,1.0,pierwotny,,30 czerwca 2020,27 czerwca 2020,,2022.0,,,,,,,,,,,,,,
Warszawa,Bemowo,Jana Olbrachta,570000.0,9193.55,62.0,4.0,62.0,2.0,3.0,1.0,wtórny,,29 czerwca 2020,29 czerwca 2020,NISKI BLOK,,,,,,CEGŁA,,,Z OKNEM,,,,,,
Warszawa,Mokotów,Pory,699000.0,10584.49,66.04,3.0,66.04,3.0,7.0,1.0,wtórny,WŁASNOŚĆ,2020-07-08,wczoraj,BLOK MIESZKALNY,,,,,,MIESZANA,W BUDOWIE,,,,,,,,
Warszawa,Skorosze,,680000.0,8725.78,77.93,3.0,77.93,6.0,7.0,1.0,wtórny,WŁASNOŚĆ,2020-07-08,1 lipca 2020,APARTAMENTOWIEC,2008.0,,,,,CEGŁA,,,,,,,,,
Warszawa,Mokotów,,520000.0,8666.67,60.0,3.0,60.0,3.0,4.0,1.0,pierwotny,,2020-07-08,25 czerwca 2020,APARTAMENTOWIEC,2020.0,,,,,,,2.0,,,,,,,
Warszawa,Natolin,Kazury,999000.0,9012.18,110.85,4.0,110.85,1.0,4.0,1.0,wtórny,SPÓŁDZIELCZE WŁASNOŚCIOWE Z KW,2020-07-07,2 lipca 2020,NISKI BLOK,1996.0,,,,,CEGŁA,DOBRY,,Z OKNEM,1.0,,,,,
Warszawa,Wola,Jana Pawła II,580000.0,12608.7,46.0,3.0,46.0,8.0,9.0,1.0,wtórny,WŁASNOŚĆ,2020-07-08,30 czerwca 2020,WIEŻOWIEC,1966.0,,,,,,,,,,,,,,
Warszawa,Kamionek,Mińska,355000.0,10616.03,33.44,2.0,33.44,3.0,4.0,1.0,wtórny,,3 lipca 2020,3 lipca 2020,BLOK MIESZKALNY,2021.0,,,,,,,1.0,,,,,,,
Warszawa,Żoliborz,,495000.0,13943.66,35.5,2.0,35.5,1.0,4.0,,wtórny,SPÓŁDZIELCZE WŁ. Z KW,4 lipca 2020,4 lipca 2020,BLOK,1963.0,,,255.0,,,IDEALNY,,JASNA Z OKNEM,,razem,,,,
Warszawa,Wilanów,,665000.0,12547.17,53.0,2.0,53.0,0.0,2.0,,wtórny,WŁASNOŚĆ,2020-07-07,3 lipca 2020,,2000.0,,,,,CEGŁA,,,,,,,,,
Warszawa,Mokotów,Inspektowa,576700.0,11374.75,50.7,3.0,50.7,4.0,6.0,1.0,pierwotny,,2020-07-07,wczoraj,,2020.0,,,,,,,,,,,,,,
Warszawa,Praga-Południe,Marsa,740000.0,8043.48,92.0,4.0,92.0,5.0,5.0,1.0,pierwotny,,2020-07-08,25 czerwca 2020,,2020.0,,,,,,,2.0,,,,,,,
Warszawa,Wola,Jana Kazimierza,949000.0,13557.14,70.0,4.0,70.0,5.0,7.0,1.0,wtórny,,2020-07-08,2 lipca 2020,BUDYNEK APARTAMENTOWY,2020.0,,,271.0,0.0,,IDEALNY,,ANEKS,1.0,,,,,
Warszawa,Bielany,Wólczyńska,899000.0,11085.08,81.1,4.0,81.1,0.0,10.0,,wtórny,WŁASNOŚĆ,2020-07-08,wczoraj,BLOK MIESZKALNY,2012.0,,,270.0,,CEGŁA,NORMALNY,,ANEKS KUCHENNY,,,,,,
Warszawa,Marysin Wawerski,Króla Maciusia,310000.0,10333.33,30.0,1.0,30.0,3.0,,,wtórny,,23 czerwca 2020,24 czerwca 2020,BLOK,,,,,,,,,,,,,,,
Warszawa,Bemowo,Waleriana Czumy,525000.0,10500.0,50.0,3.0,50.0,0.0,12.0,,wtórny,WŁASNOŚĆ,24 czerwca 2020,24 czerwca 2020,WIEŻOWIEC,1980.0,,,,,WIELKA PŁYTA,WYSOKI STANDARD,,OTWARTA,,,,,,
Warszawa,Ursynów,Wańkowicza,750000.0,12931.03,58.0,2.0,58.0,1.0,5.0,1.0,wtórny,WŁASNOŚĆ,2020-07-07,wczoraj,APARTAMENTOWIEC,2004.0,,,,,CEGŁA,,,,1.0,,,,,
Warszawa,Ursus,,334000.0,9823.53,34.0,1.0,34.0,0.0,6.0,1.0,wtórny,WŁASNOŚĆ,2020-07-08,29 czerwca 2020,BLOK,2002.0,,,,,CEGŁA,DOBRY,,"Z OKNEM, W ANEKSIE, Z WYPOSAŻENIEM, W ZABUDOWIE",,osobno,,,,
Warszawa,Grochów,,671999.0,7999.99,84.0,4.0,84.0,3.0,5.0,1.0,wtórny,WŁASNOŚĆ,3 lipca 2020,25 czerwca 2020,,1988.0,,,270.0,,CEGŁA,DO REMONTU DROBNEGO,4.0,OTWARTA,,,,,,
Warszawa,Wawer,,520000.0,8666.67,60.0,3.0,60.0,5.0,5.0,1.0,pierwotny,,6 lipca 2020,25 czerwca 2020,APARTAMENTOWIEC,2020.0,,,,,,,2.0,,,,,,,
Warszawa,Bielany,Podczaszyńskiego,570000.0,11400.0,50.0,3.0,50.0,5.0,5.0,,wtórny,,2020-07-07,wczoraj,KAMIENICA,1953.0,,,,,CEGŁA,,2.0,,,,,,,
Warszawa,Stegny,Św. Bonifacego,440000.0,10476.19,42.0,2.0,42.0,2.0,10.0,1.0,wtórny,SPÓŁDZIELCZE,30 czerwca 2020,29 czerwca 2020,WIEŻOWIEC,1974.0,,,,,WIELKA PŁYTA,DOBRY,1.0,WIDNA,,razem,,,,
Warszawa,Mokotów,Bacha,465000.0,10152.84,45.8,2.0,45.8,10.0,10.0,1.0,wtórny,SPÓŁDZIELCZA WŁASNOŚCIOWA Z KW,2020-07-08,2 lipca 2020,BLOK MIESZKALNY,1970.0,,,250.0,,RAMA H,DO ODNOWIENIA,,KUCHNIA ZAMYKANA Z OKNEM,,,,,,
Warszawa,Nowolipki,Nowolipki,635000.0,11869.16,53.5,3.0,53.5,1.0,6.0,,wtórny,,2020-07-07,wczoraj,KAMIENICA,1952.0,,,,,CEGŁA,,,,,,,,,
Warszawa,Żerań,Marywilska 62,329696.0,7809.0,42.22,2.0,42.22,1.0,,,pierwotny,,6 lipca 2020,21 lutego 2020,,2021.0,RONSON DEVELOPMENT SP. Z O.O.,Miasto Moje,,,,,,,,,,,,
Warszawa,Natolin,Sotta,765000.0,9735.3,78.58,4.0,78.58,3.0,4.0,1.0,wtórny,WŁASNOŚĆ,2020-07-07,25 czerwca 2020,APARTAMENTOWIEC,1995.0,,,,,CEGŁA,WYSOKI STANDARD,,,1.0,,,,,
Warszawa,Praga-Południe,Mińska,375000.0,15000.0,25.0,1.0,25.0,2.0,,,wtórny,,22 czerwca 2020,24 czerwca 2020,APARTAMENTOWIEC,,,,,,CEGŁA,BARDZO DOBRY,,,,,,,,
Warszawa,Bielany,Osikowa,420000.0,9130.43,46.0,2.0,46.0,0.0,7.0,1.0,wtórny,,2020-07-07,wczoraj,BLOK MIESZKALNY,1984.0,,,,,RAMA H,,2.0,,,,,,,
Warszawa,Mokotów,Nałęczowska,650000.0,9285.71,70.0,5.0,70.0,8.0,10.0,1.0,wtórny,WŁASNOŚĆ,6 lipca 2020,6 lipca 2020,BLOK,1980.0,,,,,RAMA H,WYSOKI STANDARD,,,2.0,,,,,
Warszawa,Sielce,,618500.0,13159.57,47.0,2.0,47.0,7.0,8.0,1.0,wtórny,WŁASNOŚĆ,3 lipca 2020,24 czerwca 2020,APARTAMENTOWIEC,2017.0,,,,,,DO ZAMIESZKANIA,1.0,ANEKS,,,,,,
Warszawa,Ochota,Racławicka,318000.0,12979.59,24.5,1.0,24.5,3.0,10.0,,wtórny,SPÓŁDZIELCZE WŁASNOŚCIOWE,2 lipca 2020,2 lipca 2020,BLOK,1970.0,,,,,WIELKA PŁYTA,DOBRY,,,,,,,,
Warszawa,Ursus,Posag 7 Panien,502000.0,7363.94,68.17,3.0,68.17,6.0,7.0,1.0,wtórny,WŁASNOŚĆ,25 czerwca 2020,24 czerwca 2020,BLOK,2020.0,,,265.0,,ZRÓŻNICOWANY,DO WYKOŃCZENIA,2.0,ANEKS,,,5.04,,,
Warszawa,Białołęka,Pomorska,232800.0,8771.67,26.54,1.0,26.54,0.0,3.0,,pierwotny,,2020-07-07,29 czerwca 2020,BLOK MIESZKALNY,,,,,,KONSTRUKCJA MIESZANA,,,,,,,,,
Warszawa,Bielany,Nerudy,577500.0,10500.0,55.0,3.0,55.0,9.0,12.0,0.0,wtórny,SPÓŁDZIELCZE WŁASNOŚCIOWE Z KW,24 czerwca 2020,24 czerwca 2020,BLOK,1976.0,,,265.0,,RAMA H,PO REMONCIE,,WIDNA I ZAMKNIĘTA,1.0,,,3.0,,
Warszawa,Żerań,Marywilska 62,468534.0,6821.0,68.69,3.0,68.69,1.0,,1.0,pierwotny,,6 lipca 2020,21 lutego 2020,,2021.0,RONSON DEVELOPMENT SP. Z O.O.,Miasto Moje,,,,,,,,,5.4,,,
Warszawa,Skorosze,Ryżowa,680000.0,8717.95,78.0,3.0,78.0,6.0,7.0,1.0,wtórny,WŁASNOŚĆ,3 lipca 2020,23 czerwca 2020,APARTAMENTOWIEC,2008.0,,,265.0,,,WYSOKI STANDARD,,Z OKNEM,1.0,,,,,
Warszawa,Białołęka,Kowalczyka,365000.0,12166.67,30.0,1.0,30.0,1.0,6.0,,wtórny,,25 czerwca 2020,25 czerwca 2020,BLOK MIESZKALNY,2016.0,,,,,,,,,,,,,,
Warszawa,Żerań,Marywilska 62,347069.0,8034.0,43.2,2.0,43.2,5.0,,,pierwotny,,6 lipca 2020,21 lutego 2020,,2021.0,RONSON DEVELOPMENT SP. Z O.O.,Miasto Moje,,,,,,,,,,,,
Warszawa,Żerań,Marywilska 62,443002.0,7254.0,61.07,3.0,61.07,5.0,,1.0,pierwotny,,6 lipca 2020,21 lutego 2020,,2021.0,RONSON DEVELOPMENT SP. Z O.O.,Miasto Moje,,,,,,,,,4.37,,,
Warszawa,Wilanów,Branickiego,530000.0,12045.45,44.0,2.0,44.0,2.0,4.0,1.0,wtórny,,5 lipca 2020,26 czerwca 2020,NOWE BUDOWNICTWO,,,,,,,DO WPROWADZENIA,,,,,,,,
Warszawa,Stara Praga,,444768.0,12300.0,36.16,1.0,36.16,2.0,4.0,,pierwotny,WŁASNOŚĆ,19 czerwca 2020,3 lipca 2020,APARTAMENTOWIEC,2022.0,,,295.0,,MIESZANA,DEWELOPERSKI,1.0,JASNA Z OKNEM,,razem,5.0,,,
Warszawa,Praga-Południe,Osowska,389000.0,10805.56,36.0,2.0,36.0,3.0,4.0,1.0,wtórny,WŁASNOŚĆ,2020-07-08,3 lipca 2020,NISKI BLOK,1960.0,,,,,,DOBRY,,ODDZIELNA,,,,,,
Warszawa,Ochota,Urbanistów,499000.0,10312.05,48.39,3.0,48.39,4.0,4.0,,wtórny,WŁASNOŚĆ,2020-07-08,2 lipca 2020,,1969.0,,,,,,,,,,,,,,
Warszawa,Wilanów,Branickiego,749000.0,8916.67,84.0,4.0,84.0,2.0,4.0,1.0,pierwotny,WŁASNOŚĆ,2 lipca 2020,28 maja 2020,APARTAMENTOWIEC,2020.0,,,,,CEGŁA,,,ANEKS,,,,,,
Warszawa,Białołęka,,929000.0,6881.48,135.0,4.0,135.0,,,1.0,wtórny,,2020-07-08,29 czerwca 2020,BLOK,,,,,,,DOBRY,3.0,"Z OKNEM, Z WYPOSAŻENIEM, W ZABUDOWIE",,osobno,,,,
Warszawa,Ursynów,,539000.0,9140.24,58.97,3.0,58.97,3.0,4.0,,pierwotny,,18 października 2019,3 lipca 2020,APARTAMENTOWIEC,2020.0,,,270.0,,MIESZANA,DEWELOPERSKI,2.0,ANEKS KUCHENNY,1.0,razem,6.0,,,
Warszawa,Praga-Południe,Rodziewiczówny,730000.0,11967.21,61.0,3.0,61.0,7.0,8.0,,wtórny,,25 czerwca 2020,25 czerwca 2020,APARTAMENTOWIEC,2019.0,,,,,,BARDZO DOBRY,,ANEKS KUCHENNY,,,,,,
Warszawa,Ursynów,,499500.0,11293.24,44.23,2.0,44.23,1.0,8.0,1.0,wtórny,WŁASNOŚĆ,2020-07-08,2 lipca 2020,BLOK,2001.0,,,,,,DOBRY,1.0,"Z OKNEM, W ANEKSIE, Z WYPOSAŻENIEM, W ZABUDOWIE",,osobno,,,,
Warszawa,Powiśle,Okrąg,515000.0,13696.81,37.6,2.0,37.6,2.0,8.0,,wtórny,SPÓŁDZIELCZE WŁASNOŚCIOWE Z KW,2020-07-08,29 czerwca 2020,WIEŻOWIEC,1966.0,,,260.0,,CEGŁA,DOBRY,,Z OKNEM,1.0,,,,,
Warszawa,Praga-Południe,Majdańska,672000.0,8000.0,84.0,4.0,84.0,3.0,5.0,1.0,wtórny,WŁASNOŚĆ,1 lipca 2020,1 lipca 2020,BLOK,1987.0,,,250.0,,,DO REMONTU,,,,,,,,
Warszawa,Białołęka,,370000.0,7956.99,46.5,2.0,46.5,1.0,2.0,1.0,wtórny,WŁASNOŚĆ,2020-07-08,wczoraj,BLOK,2019.0,,,,,CEGŁA,DOBRY,1.0,"Z OKNEM, ODDZIELNA, Z WYPOSAŻENIEM, W ZABUDOWIE",,osobno,5.4,,,
Warszawa,Wawer,Goździków,369264.0,8400.0,43.96,2.0,43.96,1.0,5.0,1.0,pierwotny,,1 lipca 2020,1 lipca 2020,APARTAMENTOWIEC,2020.0,,,,,,,,,,,,,,
Warszawa,Wola,Skierniewicka,625000.0,16013.32,39.03,2.0,39.03,5.0,10.0,1.0,wtórny,WŁASNOŚĆ,2020-07-08,29 czerwca 2020,APARTAMENTOWIEC,2019.0,,,,,,,,,,,,,,
Warszawa,Wola,Sławińska,541000.0,12958.08,41.75,1.0,41.75,2.0,7.0,,wtórny,,6 lipca 2020,26 czerwca 2020,APARTAMENTOWIEC,2017.0,,,,,KONSTRUKCJA MIESZANA,,,,,,,,,
Warszawa,Groty,Batalionów Chłopskich,890000.0,12714.29,70.0,3.0,70.0,3.0,4.0,,wtórny,WŁASNOŚĆ,25 czerwca 2020,24 czerwca 2020,BLOK,2014.0,,,270.0,12.0,ZRÓŻNICOWANY,BARDZO DOBRY,2.0,WIDNA,,,,,,
Warszawa,Bielany,Broniewskiego,488000.0,9475.73,51.5,3.0,51.5,4.0,10.0,1.0,wtórny,WŁASNOŚĆ,2020-07-08,wczoraj,WIEŻOWIEC,1972.0,,,,,,WYSOKI STANDARD,,Z OKNEM,,,,,,
Warszawa,Grochów,Osiecka 57/59,661799.0,8790.0,75.29,3.0,75.29,3.0,,,pierwotny,,6 lipca 2020,16 lipca 2019,,2020.0,GRUPA INWEST,Nova Praga - Osiecka,,,,,,,,,,,,
Warszawa,Grochów,Stanisława Augusta,545000.0,9981.68,54.6,3.0,54.6,3.0,3.0,0.0,wtórny,WŁASNOŚĆ,2020-07-07,6 lipca 2020,KAMIENICA,1938.0,,,265.0,,CEGŁA,,,ANEKS,2.0,,,,,
Warszawa,Kabaty,Wańkowicza,635000.0,12700.0,50.0,2.0,50.0,1.0,4.0,,wtórny,SPÓŁDZIELCZE WŁ. Z KW,30 czerwca 2020,30 czerwca 2020,APARTAMENTOWIEC,2002.0,,,270.0,,CEGŁA,DOBRY,,,,,,,,
Warszawa,Białołęka,Głębocka,439000.0,7981.82,55.0,2.0,55.0,2.0,5.0,,wtórny,WŁASNOŚĆ,6 lipca 2020,24 czerwca 2020,,2008.0,,,,,,,,,,,,,,
Warszawa,Natolin,Braci Wagów,760000.0,13919.41,54.6,2.0,,3.0,8.0,1.0,wtórny,,30 czerwca 2020,27 maja 2020,,2009.0,,,,,,,,,,,,,1.0,
Warszawa,Targówek,Łojewska,409000.0,8702.13,47.0,3.0,47.0,2.0,4.0,1.0,wtórny,WŁASNOŚĆ,2 lipca 2020,2 lipca 2020,BLOK,1970.0,,,250.0,,PŁYTA,DO ODŚWIEŻENIA,,WIDNA I ZAMKNIĘTA,1.0,,1.0,3.0,,
Warszawa,Wawer,Borowiecka,449000.0,7610.17,59.0,4.0,59.0,0.0,2.0,,pierwotny,WŁASNOŚĆ,2 lipca 2020,2 lipca 2020,NISKI WIELORODZINNY,2020.0,,,,,CEGŁA,DO WYKOŃCZENIA,,,,,,,,
Warszawa,Natolin,,609000.0,10500.0,58.0,3.0,,3.0,3.0,1.0,wtórny,WŁASNOŚĆ,26 czerwca 2020,26 czerwca 2020,BLOK,1984.0,,,,,RAMA H,DOBRY,,ANEKS,,osobno,,,,
Warszawa,Ochota,Korotyńskiego,488000.0,7507.69,65.0,3.0,65.0,1.0,10.0,1.0,wtórny,SPÓŁDZIELCZE WŁASNOŚCIOWE,3 lipca 2020,1 lipca 2020,WIEŻOWIEC,1976.0,,,250.0,,WIELKA PŁYTA,DO REMONTU KAPIT.,,Z OKNEM,1.0,,,,,
Warszawa,Praga-Północ,,613000.0,9887.1,62.0,3.0,62.0,1.0,6.0,,pierwotny,,2020-07-08,25 czerwca 2020,APARTAMENTOWIEC,2022.0,,,,,,,2.0,,,,,,,
Warszawa,Żerań,Marywilska 62,440976.0,6872.0,64.17,3.0,64.17,0.0,,,pierwotny,,6 lipca 2020,21 lutego 2020,,2021.0,RONSON DEVELOPMENT SP. Z O.O.,Miasto Moje,,5.69,,,,,,,,,,
Warszawa,Wola,,775000.0,12835.38,60.38,3.0,60.38,5.0,11.0,,wtórny,,26 czerwca 2020,26 czerwca 2020,BLOK,,,,270.0,,CEGŁA,BARDZO DOBRY,,ANEKS KUCHENNY,1.0,,,,,
Warszawa,Tarchomin,Mehoffera,243000.0,9155.99,26.54,1.0,26.54,0.0,3.0,1.0,pierwotny,,2020-07-07,wczoraj,,2022.0,,,,,,,,,,,,,,
Warszawa,Służewiec,Obrzeźna,588888.0,12801.91,46.0,2.0,,1.0,5.0,1.0,wtórny,WŁASNOŚĆ,24 czerwca 2020,8 czerwca 2020,APARTAMENTOWIEC,2020.0,,,,,,WYSOKI STANDARD,,ANEKS,,razem,,,1.0,
Warszawa,Białołęka,,491000.0,8322.03,59.0,3.0,59.0,4.0,4.0,,pierwotny,WŁASNOŚĆ,2020-07-07,5 lipca 2020,,2022.0,,,,,SILIKAT,DEWELOPERSKI,,ANEKS KUCHENNY,2.0,,,,,
Warszawa,Bemowo,Batalionów Chłopskich,611000.0,8605.63,71.0,3.0,71.0,1.0,5.0,1.0,pierwotny,,2 lipca 2020,2 lipca 2020,,2020.0,,,,,,,,,,,,,,
Warszawa,Bielany,Kochanowskiego,375000.0,10000.0,37.5,2.0,37.5,1.0,4.0,1.0,wtórny,SPÓŁDZIELCZE WŁASNOŚCIOWE Z KW,2020-07-07,wczoraj,NISKI BLOK,1973.0,,,,,,,,Z OKNEM,,,,,,
Warszawa,Bemowo,Pełczyńskiego,489000.0,10751.98,45.48,2.0,45.48,3.0,5.0,,wtórny,,2 lipca 2020,1 lipca 2020,APARTAMENTOWIEC,,,,,,,,1.0,,,,,,,
Warszawa,Praga-Południe,,517000.0,8602.33,60.1,3.0,60.1,4.0,5.0,,pierwotny,WŁASNOŚĆ,6 lipca 2020,6 lipca 2020,NOWE BUDOWNICTWO,2020.0,,,,,MIESZANA,DEWELOPERSKI,2.0,ANEKS KUCHENNY,1.0,osobno,4.5,6.0,,
Warszawa,Wola,Płocka,446000.0,10420.56,42.8,2.0,42.8,3.0,3.0,,wtórny,,2020-07-08,6 lipca 2020,NISKI BLOK,,,,,,,,,,,,,,,
Warszawa,Śródmieście,Zygmunta III,604999.0,12888.77,46.94,2.0,46.94,0.0,9.0,1.0,pierwotny,,30 czerwca 2020,26 czerwca 2020,,2021.0,,,,,,,,,,,,,,
Warszawa,Ursynów,,520000.0,10000.0,52.0,2.0,52.0,0.0,10.0,,wtórny,SPÓŁ. WŁASNOŚCIOWE Z KW,4 lipca 2020,1 lipca 2020,,1988.0,,,,,PŁYTA,BARDZO DOBRY,,"JASNA, ODDZIELNA",,,,,,
Warszawa,Włochy,,515000.0,8879.31,58.0,2.0,58.0,2.0,4.0,1.0,wtórny,WŁASNOŚĆ,2020-07-08,30 czerwca 2020,BLOK,2010.0,,,,,,DOBRY,1.0,"W ANEKSIE, Z WYPOSAŻENIEM, W ZABUDOWIE",,osobno,,,,
Warszawa,Praga-Południe,,725000.0,8895.71,81.5,4.0,81.5,2.0,3.0,1.0,wtórny,WŁASNOŚĆ,2020-07-08,29 czerwca 2020,BLOK,1996.0,,,,,,DOBRY,3.0,"Z OKNEM, Z WYPOSAŻENIEM, W ZABUDOWIE",,osobno,,,,
Warszawa,Pyry,Ludwinowska,745000.0,9430.38,79.0,3.0,79.0,1.0,2.0,1.0,wtórny,WŁASNOŚĆ,1 lipca 2020,6 lipca 2020,APARTAMENTOWIEC,2001.0,,,260.0,,CEGŁA,LUKSUSOWY,2.0,OTWARTA,,,8.0,,,
Warszawa,Stary Mokotów,Bachmacka,467000.0,12690.22,36.8,1.0,36.8,4.0,4.0,1.0,wtórny,WŁASNOŚĆ,4 lipca 2020,1 lipca 2020,NISKI BLOK,1955.0,,,280.0,,CEGŁA,DOBRY,,ODDZIELNA,1.0,,,,,
Warszawa,Białołęka,Mehoffera,499000.0,7899.32,63.17,3.0,63.17,0.0,3.0,1.0,pierwotny,,7 lipca 2020,6 lipca 2020,,2009.0,,,,,,,2.0,,,,,,,
Warszawa,Mokotów,Pory,704401.0,9675.84,72.8,4.0,72.8,2.0,6.0,,pierwotny,,1 lipca 2020,1 lipca 2020,APARTAMENTOWIEC,2020.0,,,,,,,,,,,,,,
Warszawa,Stary Mokotów,Wiktorska,650000.0,13265.31,49.0,3.0,49.0,1.0,4.0,1.0,wtórny,WŁASNOŚĆ,2020-07-08,23 czerwca 2020,NISKI BLOK,1960.0,,,,,CEGŁA,,,,,,,,,
Warszawa,Bielany,Nocznickiego,539000.0,9625.0,56.0,3.0,56.0,6.0,10.0,1.0,wtórny,WŁASNOŚĆ,2020-07-08,2 lipca 2020,WIEŻOWIEC,1971.0,,,,,WIELKA PŁYTA,,,ODDZIELNA,,,,,,
Warszawa,Praga-Południe,,450000.0,11842.11,38.0,2.0,38.0,0.0,4.0,,wtórny,WŁASNOŚĆ,3 lipca 2020,26 czerwca 2020,,,,,,,,BARDZO DOBRY,,PÓŁOTWARTA,1.0,,,,,
Warszawa,Wawer,,450000.0,5769.23,78.0,3.0,78.0,2.0,2.0,,pierwotny,,22 czerwca 2020,24 czerwca 2020,APARTAMENTOWIEC,2019.0,,,,,CEGŁA,DEWELOPERSKI,,,,,,,,
Warszawa,Mokotów,Aleja Wilanowska,915000.0,13071.43,70.0,2.0,70.0,6.0,6.0,1.0,wtórny,,3 lipca 2020,3 lipca 2020,APARTAMENTOWIEC,2015.0,,,,,INNE,,1.0,,,,,,,
Warszawa,Bemowo,Batalionów Chłopskich,389000.0,10318.3,37.7,2.0,37.7,1.0,4.0,1.0,wtórny,WŁASNOŚĆ,5 lipca 2020,25 czerwca 2020,BLOK MIESZKALNY,,,,260.0,,MIESZANA,DEWELOPERSKI,,,,,,,,
Warszawa,Mokotów,Racjonalizacji,655000.0,14086.02,46.5,2.0,46.5,2.0,8.0,,wtórny,WŁASNOŚĆ,2020-07-08,dzisiaj,APARTAMENTOWIEC,2019.0,,,,,,BARDZO WYSOKI STANDARD,,,,,,,,
Warszawa,Wola,Mordechaja Anielewicza,380000.0,14285.71,26.6,1.0,26.6,5.0,10.0,,wtórny,,29 czerwca 2020,2 lipca 2020,,,,,,,,,,,,,,,,
Warszawa,Tarchomin,,670000.0,8271.6,81.0,4.0,81.0,5.0,,,wtórny,,3 lipca 2020,25 czerwca 2020,,,,,,,,,,,,,,,,
Warszawa,Powiśle,Tamka,980000.0,10974.24,89.3,4.0,89.3,1.0,5.0,1.0,wtórny,,2020-07-08,26 czerwca 2020,BLOK,1990.0,,,265.0,0.0,,DO ODŚWIEŻENIA,,ODDZIELNA,1.0,,,,,
Warszawa,Mokotów,Jana III Sobieskiego,624568.0,13300.0,46.96,2.0,46.96,1.0,8.0,,pierwotny,WŁASNOŚĆ,24 czerwca 2020,24 czerwca 2020,APARTAMENTOWIEC,2019.0,,,275.0,,,DO WYKOŃCZENIA,,ANEKS KUCHENNY,1.0,,,,,
Warszawa,Żoliborz,Krajewskiego,465000.0,11625.0,40.0,2.0,40.0,0.0,3.0,,wtórny,WŁASNOŚĆ,2020-07-08,dzisiaj,KAMIENICA,1939.0,,,280.0,,CEGŁA,WYSOKI STANDARD,,Z OKNEM,1.0,,,,,
Warszawa,Bemowo,Borowej Góry,360000.0,12000.0,30.0,2.0,30.0,8.0,10.0,,wtórny,,6 lipca 2020,6 lipca 2020,BLOK MIESZKALNY,1975.0,,,,,,,,,,,,,,
Warszawa,Wola,Kacza,719000.0,11596.77,62.0,2.0,62.0,3.0,10.0,,wtórny,WŁASNOŚĆ,2020-07-08,2 lipca 2020,APARTAMENTOWIEC,2003.0,,,,,CEGŁA,,,,,,,,,
Warszawa,Białołęka Dworska,Skarbka z Gór,360000.0,6666.67,54.0,2.0,54.0,0.0,3.0,,wtórny,WŁASNOŚĆ,24 czerwca 2020,24 czerwca 2020,NISKI BLOK,2001.0,,,260.0,,,DO WYKOŃCZENIA,,ODDZIELNA,,,,,,
Warszawa,Praga-Południe,Sulejkowska,627000.0,9952.38,63.0,3.0,63.0,2.0,4.0,1.0,wtórny,WŁASNOŚĆ,25 czerwca 2020,25 czerwca 2020,NISKI BLOK,2010.0,,,,,,BARDZO WYSOKI STANDARD,,,1.0,,,,,
Warszawa,Wilanów,Branickiego,949000.0,11297.62,84.0,4.0,84.0,2.0,4.0,1.0,wtórny,WŁASNOŚĆ,2020-07-08,3 lipca 2020,APARTAMENTOWIEC,2020.0,,,,,CEGŁA,,,,,,,,,
Warszawa,Gocław,Znanieckiego,599000.0,7986.67,75.0,3.0,,2.0,3.0,,wtórny,,24 czerwca 2020,24 czerwca 2020,,,,,,,,,,,,,,,,
Warszawa,Białołęka,Krzyżówki,635000.0,10583.33,60.0,3.0,60.0,5.0,5.0,1.0,wtórny,WŁASNOŚĆ,2020-07-08,3 lipca 2020,NISKI BLOK,2019.0,,,,,,,,OTWARTA,1.0,,,,,
Warszawa,Wola,Jana Olbrachta,450000.0,8653.85,52.0,3.0,52.0,5.0,10.0,1.0,wtórny,,2020-07-07,2 lipca 2020,,1979.0,,,,,,,3.0,,,,,,,
Warszawa,Marysin Wawerski,Rekrucka,369264.0,8400.0,43.96,2.0,43.96,1.0,5.0,,pierwotny,,1 lipca 2020,1 lipca 2020,,2022.0,,,,,,,,,,,,,,
Warszawa,Ursus,Przy Forcie,810000.0,8290.69,97.7,3.0,97.7,2.0,4.0,1.0,wtórny,,3 lipca 2020,28 czerwca 2020,BLOK MIESZKALNY,2009.0,,,,,KONSTRUKCJA MIESZANA,,2.0,,,,,,,
Warszawa,Bielany,Nocznickiego,530000.0,9464.29,56.0,3.0,56.0,6.0,10.0,1.0,wtórny,WŁASNOŚĆ,2020-07-07,1 lipca 2020,BLOK,1971.0,,,,,WIELKA PŁYTA,BARDZO DOBRY,2.0,ODDZIELNA I WIDNA,,razem,1.0,3.06,,
Warszawa,Praga-Północ,Kowieńska,670000.0,11260.5,59.5,2.0,59.5,4.0,5.0,1.0,wtórny,WŁASNOŚĆ,2020-07-08,24 czerwca 2020,BUDYNEK WIELORODZINNY,2009.0,,,265.0,,TECHN. MIESZANA,BARDZO DOBRY,,WIDNA,1.0,,4.0,4.0,,
Warszawa,Praga-Południe,Marsa,699000.0,8223.53,85.0,3.0,85.0,3.0,5.0,1.0,pierwotny,,2020-07-07,25 czerwca 2020,,2020.0,,,,,,,2.0,,,,,,,
Warszawa,Jeziorki Południowe,Trombity 31,550000.0,8417.51,65.34,3.0,65.34,0.0,,1.0,pierwotny,,2 lipca 2020,2 lipca 2020,,2021.0,WESTADOM BURZYŃSKI SP.K.,Zakątek Ursynów,,,,,,,,,6.9,,,
Warszawa,Śródmieście,Litewska,991530.0,13800.0,71.85,2.0,71.85,1.0,4.0,,wtórny,WŁASNOŚĆ,6 lipca 2020,6 lipca 2020,KAMIENICA,1955.0,,,,,,,,,,,,,,
Warszawa,Żerań,Marywilska 62,342389.0,7922.0,43.22,2.0,43.22,3.0,,,pierwotny,,6 lipca 2020,21 lutego 2020,,2021.0,RONSON DEVELOPMENT SP. Z O.O.,Miasto Moje,,,,,,,,,,,,
Warszawa,Wola,Chłodna,389000.0,14407.41,27.0,2.0,27.0,12.0,15.0,,wtórny,SPÓŁDZIELCZE WŁASNOŚCIOWE Z KW,6 lipca 2020,6 lipca 2020,WIEŻOWIEC,1972.0,,,,,RAMA H,DOBRY,,,1.0,,,,,
Warszawa,Wola,Solidarności,353000.0,16809.52,21.0,1.0,21.0,2.0,10.0,0.0,wtórny,SPÓŁDZIELCZE WŁASNOŚCIOWE,6 lipca 2020,6 lipca 2020,BLOK,1070.0,,,250.0,,RAMA H,DOBRY,,W PRZEDPOKOJU,1.0,,,2.5,,
Warszawa,Marysin Wawerski,Rekrucka,415077.0,8700.0,47.71,2.0,47.71,2.0,5.0,,pierwotny,,1 lipca 2020,1 lipca 2020,,2022.0,,,,,,,,,,,,,,
Warszawa,Nowodwory,Mariana Wyrzykowskiego,325000.0,9285.71,35.0,2.0,35.0,3.0,6.0,1.0,wtórny,WŁASNOŚĆ,2020-07-08,2 lipca 2020,WIEŻOWIEC,2015.0,,,,,,,,ANEKS KUCHENNY,,,,,,
Warszawa,Białołęka,,430500.0,7103.96,60.6,3.0,60.6,2.0,5.0,1.0,pierwotny,,24 czerwca 2020,24 czerwca 2020,BLOK MIESZKALNY,2020.0,,,,,,,,,,,,,,
Warszawa,Wilanów,Branickiego,999000.0,14017.12,71.27,3.0,71.27,2.0,3.0,1.0,wtórny,WŁASNOŚĆ,30 czerwca 2020,30 czerwca 2020,,2019.0,,,,,,BARDZO WYSOKI STANDARD,,OTWARTA,2.0,,,,,
Warszawa,Bemowo,,568900.0,7901.39,72.0,3.0,72.0,3.0,12.0,,wtórny,SPÓŁ. WŁASNOŚCIOWE Z KW,3 lipca 2020,29 czerwca 2020,,1976.0,,,,,PŁYTA,BARDZO DOBRY,,ANEKS KUCHENNY,1.0,,,,,
Warszawa,Bemowo,,380000.0,10857.14,35.0,1.0,35.0,1.0,4.0,,wtórny,WŁASNOŚĆ,2020-07-08,2 lipca 2020,BLOK,2005.0,,,,,,DO ODŚWIEŻENIA,,,,,6.0,,,
Warszawa,Wola,Kasprzaka,490000.0,13045.79,37.56,2.0,37.56,8.0,10.0,0.0,wtórny,WŁASNOŚĆ,2020-07-07,25 czerwca 2020,APARTAMENTOWIEC,2019.0,,,300.0,6.0,ZRÓŻNICOWANY,,,OTWARTA,,,,,,
Warszawa,Tarchomin,Talarowa,656000.0,7717.65,85.0,3.0,85.0,3.0,3.0,1.0,pierwotny,,2020-07-07,wczoraj,,2022.0,,,,,,,,,,,,,,
Warszawa,Białołęka,Marcina z Wrocimowic,420000.0,8936.17,47.0,2.0,47.0,3.0,4.0,1.0,wtórny,WŁASNOŚĆ,2020-07-08,2 lipca 2020,NISKI BLOK,2009.0,,,,,,,,ODDZIELNA,1.0,,,,,
Warszawa,Mokotów,św. Bonifacego,330000.0,12177.12,27.1,1.0,27.1,6.0,10.0,0.0,wtórny,,6 lipca 2020,6 lipca 2020,BLOK,1969.0,,,,0.0,,DOBRY,,OTWARTA,1.0,,,,,
Warszawa,Ursynów,Braci Wagów,760000.0,13818.18,55.0,2.0,55.0,3.0,8.0,1.0,wtórny,WŁASNOŚĆ,2020-07-08,2 lipca 2020,APARTAMENTOWIEC,2009.0,,,,,CEGŁA,WYSOKI STANDARD,,,,,,,,
Warszawa,Praga-Południe,Pustelnicka,438914.0,10700.0,41.02,2.0,41.02,3.0,,1.0,pierwotny,,29 czerwca 2020,20 grudnia 2019,,2021.0,GRUPA INWEST,Nova Praga - Pustelnicka,,,,,,,,,1.7,,,
Warszawa,Służewiec,Łukowa,599000.0,9418.24,63.6,3.0,63.6,3.0,11.0,1.0,wtórny,SPÓŁDZIELCZE WŁASNOŚCIOWE,6 lipca 2020,1 lipca 2020,WIEŻOWIEC,1978.0,,,245.0,,WIELKA PŁYTA,DOBRY,,Z OKNEM,1.0,,,,,
Warszawa,Włochy,Budki Szczęśliwickie,607000.0,9406.48,64.53,3.0,64.53,4.0,4.0,1.0,pierwotny,WŁASNOŚĆ,2020-07-07,wczoraj,NISKI BLOK,2021.0,,,,,,DO WYKOŃCZENIA,,ODDZIELNA,,,,,,
Warszawa,Wilanów,Rzeczypospolitej,585000.0,14157.79,41.32,2.0,41.32,3.0,4.0,1.0,wtórny,,6 lipca 2020,4 lipca 2020,,2014.0,,,,,,,1.0,,,,,,,
Warszawa,Bródno,Krasiczyńska,295000.0,9833.33,30.0,1.0,30.0,7.0,10.0,1.0,wtórny,SPÓŁDZIELCZE WŁASNOŚCIOWE,2020-07-08,6 lipca 2020,WIEŻOWIEC,1972.0,,,,,,DOBRY,,OKNO NA POKÓJ,,,,,,
Warszawa,Służewiec,Obrzeżna,535000.0,11732.46,45.6,2.0,42.5,1.0,4.0,,wtórny,WŁASNOŚĆ,6 lipca 2020,6 lipca 2020,APARTAMENTOWIEC,2014.0,,,300.0,,CEGŁA,,,OTWARTA,,razem,,,,
Warszawa,Ursynów,,449000.0,12135.14,37.0,1.0,37.0,9.0,12.0,,wtórny,SPÓŁDZIELCZE WŁASNOŚCIOWE,2020-07-07,wczoraj,,1984.0,,,,,,,,,,,,,,
Warszawa,Śródmieście,Chmielna,630000.0,21000.0,30.0,2.0,30.0,3.0,3.0,,wtórny,WŁASNOŚĆ,2020-07-08,1 lipca 2020,KAMIENICA,1947.0,,,,,CEGŁA,WYSOKI STANDARD,,ANEKS KUCHENNY,,,,,,
Warszawa,Gocław,Ostrobramska,478000.0,10489.36,45.57,2.0,45.57,1.0,6.0,1.0,wtórny,,29 czerwca 2020,29 czerwca 2020,BLOK MIESZKALNY,2021.0,,,,,,,1.0,,,,,,,
Warszawa,Mokotów,Rabindranatha Tagore,730000.0,13594.04,53.7,2.0,53.7,2.0,3.0,1.0,wtórny,WŁASNOŚĆ,2020-07-08,dzisiaj,NISKI BLOK,2001.0,,,,,,,,OTWARTA,1.0,,,,,
Warszawa,Rembertów,Republikańska,390000.0,6093.75,64.0,3.0,64.0,0.0,4.0,1.0,wtórny,WŁASNOŚĆ,2020-07-08,30 czerwca 2020,NISKI BLOK,1986.0,,,,,,DO ODŚWIEŻENIA,,ODDZIELNA,1.0,,,,,
Warszawa,Ursynów,,490000.0,12250.0,40.0,1.0,40.0,1.0,5.0,1.0,wtórny,SPÓŁDZIELCZE WŁASNOŚCIOWE Z KW,2020-07-08,3 lipca 2020,APARTAMENTOWIEC,1998.0,,,,,CEGŁA,DOBRY,,"Z OKNEM, W ANEKSIE, Z WYPOSAŻENIEM, W ZABUDOWIE",,osobno,,,,
Warszawa,Mokotów,Orzycka,380000.0,11875.0,32.0,1.0,32.0,0.0,,,wtórny,,25 czerwca 2020,26 czerwca 2020,,1964.0,,,,,,,,,,,,,,
Warszawa,Stegny,Kaukaska,569000.0,8946.54,63.6,4.0,63.6,4.0,10.0,1.0,wtórny,SPÓŁDZIELCZE WŁASNOŚCIOWE Z KW,2020-07-08,26 czerwca 2020,BLOK,1976.0,,,,3.0,WIELKA PŁYTA,DO ODŚWIEŻENIA,3.0,OTWARTA NA POKÓJ,1.0,,3.0,0.0,,
Warszawa,Targówek,,280000.0,10370.37,27.0,1.0,27.0,6.0,10.0,,wtórny,SPÓŁ. WŁASNOŚCIOWE Z KW,6 lipca 2020,wczoraj,,,,,,,CEGŁA,DO REMONTU,,ODDZIELNA,1.0,,,,,
Warszawa,Mokotów,Cybernetyki,850000.0,11486.49,74.0,3.0,74.0,2.0,8.0,1.0,wtórny,WŁASNOŚĆ,2020-07-07,1 lipca 2020,APARTAMENTOWIEC,2019.0,,,,,,,,OTWARTA,1.0,,,,,
Warszawa,Wola,Kasprzaka,589005.0,13506.19,43.61,2.0,43.61,12.0,27.0,,pierwotny,WŁASNOŚĆ,2020-07-07,wczoraj,APARTAMENTOWIEC,2021.0,,,285.0,,,,,ANEKS KUCHENNY,1.0,,,,,
Warszawa,Stary Żoliborz,,945000.0,15750.0,60.0,2.0,60.0,2.0,6.0,1.0,wtórny,,30 czerwca 2020,30 czerwca 2020,APARTAMENTOWIEC,2017.0,,,,,CEGŁA,,1.0,,,,,,,
Warszawa,Wawer,,795000.0,7227.27,110.0,5.0,110.0,0.0,2.0,,wtórny,WŁASNOŚĆ,3 lipca 2020,24 czerwca 2020,,2011.0,,,,,CEGŁA,BARDZO DOBRY,,ANEKS KUCHENNY,3.0,,,,,
Warszawa,Wawer,,433400.0,5977.93,72.5,3.0,72.5,0.0,1.0,,pierwotny,WŁASNOŚĆ,2020-07-08,25 czerwca 2020,APARTAMENTOWIEC,2020.0,,,,,CEGŁA,,,ANEKS,1.0,razem,,6.19,,
Warszawa,Śródmieście,Wspólna,362000.0,20000.0,18.1,1.0,18.1,3.0,10.0,,wtórny,WŁASNOŚĆ,2020-07-08,25 czerwca 2020,BLOK MIESZKALNY,1966.0,,,260.0,,CEGŁA,NORMALNY,,KUCHNIA W PRZEJŚCIU,,,,,,
Warszawa,Groty,Batalionów Chłopskich,408807.0,8247.06,49.57,2.0,49.57,1.0,4.0,1.0,wtórny,WŁASNOŚĆ,25 czerwca 2020,24 czerwca 2020,BLOK,2022.0,,,270.0,,ZRÓŻNICOWANY,DO WYKOŃCZENIA,1.0,ANEKS,,razem,2.77,,,
Warszawa,Wola,Czorsztyńska,499900.0,9998.0,50.0,2.0,50.0,3.0,3.0,,wtórny,,3 lipca 2020,29 czerwca 2020,,,,,,,CEGŁA,DO ODŚWIEŻENIA,,JASNA,1.0,,,,,
Warszawa,Praga-Północ,,635000.0,10583.33,60.0,3.0,60.0,1.0,4.0,1.0,pierwotny,,2020-07-08,30 czerwca 2020,,2022.0,,,,,,,2.0,,,,,,,
Warszawa,Żerań,Marywilska 62,474571.0,7145.0,66.42,3.0,66.42,5.0,,1.0,pierwotny,,6 lipca 2020,21 lutego 2020,,2021.0,RONSON DEVELOPMENT SP. Z O.O.,Miasto Moje,,,,,,,,,5.03,,,
Warszawa,Mokotów,Taśmowa,697000.0,15152.17,46.0,2.0,46.0,3.0,6.0,,wtórny,WŁASNOŚĆ,6 lipca 2020,26 czerwca 2020,APARTAMENTOWIEC,2020.0,,,,,CEGŁA,BARDZO WYSOKI STANDARD,,ANEKS KUCHENNY,1.0,,,,,
Warszawa,Praga-Południe,Koprzywiańska,444891.0,9490.0,46.88,2.0,46.88,1.0,4.0,1.0,pierwotny,WŁASNOŚĆ,2020-07-07,30 czerwca 2020,APARTAMENTOWIEC,2021.0,,,,,,DO WYKOŃCZENIA,,ANEKS KUCHENNY,,,,,,
Warszawa,Mokotów,Zwierzyniecka,599000.0,11208.83,53.44,2.0,53.44,4.0,8.0,,wtórny,,2020-07-08,dzisiaj,,2019.0,,,,,,,1.0,,,,,,,
Warszawa,Żoliborz,Szamocka,854000.0,12939.39,66.0,3.0,66.0,2.0,3.0,1.0,wtórny,WŁASNOŚĆ,6 lipca 2020,3 kwietnia 2020,APARTAMENTOWIEC,2020.0,,,,,CEGŁA,,,ANEKS,,,,,,
Warszawa,Wrzeciono,Szegedyńska,437000.0,11972.6,36.5,2.0,36.5,2.0,10.0,,wtórny,SPÓŁDZIELCZE WŁASNOŚCIOWE Z KW,2020-07-08,26 czerwca 2020,BLOK,1966.0,,,,0.0,RAMA H,DO WPROWADZENIA,1.0,ODDZIELNA CIEMNA,1.0,,,3.0,,
Warszawa,Mokotów,Bokserska,592400.0,9873.33,60.0,3.0,60.0,3.0,10.0,1.0,pierwotny,,30 czerwca 2020,30 czerwca 2020,,2021.0,,,,,,,,,,,,,,
Warszawa,Ursus,,533120.0,7820.45,68.17,3.0,68.17,1.0,2.0,1.0,pierwotny,,2020-07-07,wczoraj,SZEREGOWY,2020.0,,,,,KONSTRUKCJA ŻELBETOWA,,,,,,,,,
Warszawa,Mokotów,Mozarta,540000.0,11920.53,45.3,2.0,45.3,7.0,11.0,,wtórny,WŁASNOŚĆ,2020-07-07,wczoraj,,1964.0,,,,,,WYSOKI STANDARD,,,,,,,,
Warszawa,Stary Imielin,Nugat,609000.0,8700.0,70.0,4.0,70.0,3.0,4.0,1.0,wtórny,SPÓŁDZIELCZE WŁASNOŚCIOWE,2020-07-08,2 lipca 2020,NISKI BLOK,1987.0,,,,,,,,ODDZIELNA,,,,,,
Warszawa,Stara Praga,,569140.0,13000.0,43.78,3.0,43.78,1.0,4.0,,pierwotny,WŁASNOŚĆ,5 grudnia 2019,3 lipca 2020,APARTAMENTOWIEC,2022.0,,,295.0,,MIESZANA,DEWELOPERSKI,2.0,ODDZIELNA I WIDNA,,razem,5.0,,,
Warszawa,Włochy,ks. Juliana Chrościckiego,450000.0,9962.36,45.17,2.0,45.17,1.0,5.0,,wtórny,WŁASNOŚĆ,30 czerwca 2020,27 czerwca 2020,BLOK,2015.0,,,,,CEGŁA,DO WPROWADZENIA,1.0,ANEKS KUCHENNY,1.0,,4.84,5.58,,
Warszawa,Gocławek,,492000.0,7935.48,62.0,3.0,62.0,1.0,5.0,1.0,pierwotny,,2020-07-08,1 lipca 2020,APARTAMENTOWIEC,2020.0,,,,,,,,,,,,,,
Warszawa,Praga-Południe,Koprzywiańska,501013.0,8990.0,55.73,2.0,55.73,2.0,4.0,1.0,pierwotny,,2020-07-08,25 czerwca 2020,APARTAMENTOWIEC,2021.0,,,,,,DO WYKOŃCZENIA,,ANEKS KUCHENNY,,,,,,
Warszawa,Powiśle,,520000.0,13866.67,37.5,2.0,37.5,5.0,8.0,,wtórny,SPÓŁ. WŁASNOŚCIOWE,4 lipca 2020,29 czerwca 2020,,1966.0,,,,,CEGŁA,BARDZO DOBRY,,"JASNA, ODDZIELNA",1.0,,,,,
Warszawa,Wilanów Królewski,Urodzajna,590000.0,11568.63,51.0,2.0,,0.0,2.0,1.0,wtórny,WŁASNOŚĆ,2020-07-08,dzisiaj,APARTAMENTOWIEC,2007.0,,,270.0,,CEGŁA,BARDZO DOBRY,,ANEKS,,razem,,,1.0,1.0
Warszawa,Praga-Południe,Żupnicza,635000.0,13536.56,46.91,2.0,46.91,5.0,11.0,1.0,wtórny,WŁASNOŚĆ,6 lipca 2020,6 lipca 2020,APARTAMENTOWIEC,2018.0,,,260.0,,,BARDZO WYSOKI STANDARD,,OTWARTA,1.0,,,,,
Warszawa,Praga-Południe,Opinogórska,501500.0,8500.0,59.0,4.0,59.0,1.0,6.0,1.0,wtórny,SPÓŁDZIELCZE WŁASNOŚCIOWE Z KW,2020-07-08,3 lipca 2020,WIEŻOWIEC,1969.0,,,250.0,,WIELKA PŁYTA,DO REMONTU,,,,,,,,
Warszawa,Targówek,Myszkowska,540000.0,9000.0,60.0,3.0,,2.0,10.0,,wtórny,,2020-07-07,wczoraj,,,,,,,,,,,,,,,1.0,
Warszawa,Śródmieście,Schillera,699000.0,13891.1,50.32,3.0,50.32,4.0,4.0,0.0,wtórny,WŁASNOŚĆ,3 lipca 2020,3 lipca 2020,BLOK,1961.0,,,,,RAMA H,BARDZO DOBRY,,W PRZEDPOKOJU,1.0,,,4.24,,
Warszawa,Białołęka,Aluzyjna,286000.0,8511.9,33.6,1.0,33.6,7.0,7.0,,wtórny,WŁASNOŚĆ,2020-07-08,25 czerwca 2020,,2003.0,,,,,,,,,,,,,,
Warszawa,Śródmieście,Marszałkowska,991530.0,13800.0,71.85,2.0,71.85,1.0,4.0,,wtórny,WŁASNOŚĆ,2020-07-08,6 lipca 2020,KAMIENICA,1950.0,,,315.0,,,,,ODDZIELNA,1.0,,,,,
Warszawa,Saska Kępa,Afrykańska,379250.0,10250.0,37.0,2.0,,1.0,3.0,,wtórny,,29 czerwca 2020,29 czerwca 2020,,,,,,,,,,,,,,,1.0,
Warszawa,Ochota,Grójecka,295000.0,13563.22,21.75,2.0,21.75,4.0,4.0,,wtórny,WŁASNOŚĆ,2020-07-08,6 lipca 2020,NISKI BLOK,1956.0,,,,,,DOBRY,,,,,,,,
Warszawa,Białołęka,,699000.0,5682.93,123.0,5.0,123.0,3.0,4.0,,wtórny,WŁASNOŚĆ,3 lipca 2020,27 czerwca 2020,,2003.0,,,,,CEGŁA,BARDZO DOBRY,,PÓŁOTWARTA,,,,,,
Warszawa,Białołęka,Kąty Grodziskie,389900.0,6866.85,56.78,3.0,56.78,2.0,2.0,1.0,wtórny,WŁASNOŚĆ,2020-07-08,6 lipca 2020,BLOK MIESZKALNY,2020.0,,,,,MIESZANA,DEWELOPERSKI,,,,,,,,
Warszawa,Ursynów,Wąwozowa,599000.0,11072.09,54.1,2.0,54.1,2.0,10.0,1.0,wtórny,,2020-07-08,wczoraj,BLOK MIESZKALNY,1995.0,,,,,KONSTRUKCJA MIESZANA,,,,,,,,,
Warszawa,Białołęka,Wyspiarska,426100.0,7448.0,57.21,3.0,57.21,4.0,5.0,,pierwotny,WŁASNOŚĆ,3 lipca 2020,3 lipca 2020,BLOK MIESZKALNY,2020.0,,,260.0,,ŻELBETON,,,,,,,,,
Warszawa,Wola,,769000.0,9458.79,81.3,3.0,81.3,5.0,5.0,,wtórny,,1 lipca 2020,1 lipca 2020,NISKI BLOK,1997.0,,,270.0,,PUSTAK,,,Z OKNEM,,,,,,
Warszawa,Bielany,Wrzeciono,299000.0,12144.6,24.62,1.0,24.62,3.0,3.0,1.0,wtórny,SPÓŁDZIELCZE WŁASNOŚCIOWE Z KW,2020-07-07,2 lipca 2020,NISKI BLOK,1970.0,,,,,,,,Z OKNEM,,,,,,
Warszawa,Bemowo,,370000.0,9736.84,38.0,2.0,38.0,7.0,8.0,,wtórny,,3 lipca 2020,25 czerwca 2020,,,,,,,CEGŁA,DOBRY,,"JASNA, ODDZIELNA",1.0,,,,,
Warszawa,Bemowo,Lazurowa,699000.0,10432.84,67.0,3.0,67.0,4.0,4.0,1.0,wtórny,WŁASNOŚĆ,2020-07-08,30 czerwca 2020,APARTAMENTOWIEC,2010.0,,,300.0,,,DOBRY,2.0,"W ANEKSIE, Z WYPOSAŻENIEM, W ZABUDOWIE",,osobno,5.65,,,
Warszawa,Żerań,Marywilska 62,414058.0,7254.0,57.08,3.0,57.08,3.0,,,pierwotny,,6 lipca 2020,21 lutego 2020,,2021.0,RONSON DEVELOPMENT SP. Z O.O.,Miasto Moje,,,,,,,,,,,,
Warszawa,Białołęka,Przyrodnicza,249900.0,9607.84,26.01,1.0,26.01,0.0,3.0,,pierwotny,,6 lipca 2020,6 lipca 2020,BLOK MIESZKALNY,2021.0,,,,,,,,,,,,,,
Warszawa,Szczęśliwice,,418124.0,10900.0,38.36,2.0,38.36,1.0,7.0,,wtórny,,26 czerwca 2020,26 czerwca 2020,APARTAMENTOWIEC,2020.0,,,,,,,,,,,,,,
Warszawa,Śródmieście Północne,,499900.0,21734.78,23.0,1.0,23.0,2.0,6.0,,wtórny,WŁASNOŚĆ,24 czerwca 2020,24 czerwca 2020,BLOK,1960.0,,,300.0,,CEGŁA,BARDZO DOBRY,1.0,PÓŁOTWARTA,,razem,,,,
Warszawa,Ochota,,515000.0,14626.53,35.21,2.0,35.21,4.0,5.0,,wtórny,WŁASNOŚĆ,1 lipca 2020,30 czerwca 2020,,2019.0,,,,,,DO WYKOŃCZENIA,,,,,,,,
Warszawa,Żerań,Marywilska 62,439643.0,7199.0,61.07,3.0,61.07,4.0,,1.0,pierwotny,,6 lipca 2020,21 lutego 2020,,2021.0,RONSON DEVELOPMENT SP. Z O.O.,Miasto Moje,,,,,,,,,4.09,,,
Warszawa,Gocław,,649500.0,9147.89,71.0,3.0,71.0,3.0,4.0,1.0,wtórny,SPÓŁDZIELCZE + KW,3 lipca 2020,3 lipca 2020,,,,,,,,BARDZO DOBRY,,WIDNA,,razem,,,,
Warszawa,Białołęka,,359000.0,7326.53,49.0,2.0,49.0,3.0,3.0,,wtórny,WŁASNOŚĆ,2020-07-08,7 lipca 2020,,2006.0,,,,,MIESZANY,BARDZO DOBRY,,ANEKS KUCHENNY,1.0,,,,,
Warszawa,Żoliborz,,695000.0,10220.59,68.0,4.0,68.0,13.0,16.0,1.0,wtórny,SPÓŁDZIELCZE WŁASNOŚCIOWE,2020-07-08,29 czerwca 2020,WIEŻOWIEC,1978.0,,,,,,,,,,,,,,
Warszawa,Wawer,Króla Maciusia,310000.0,10333.33,30.0,1.0,30.0,3.0,3.0,,wtórny,,29 czerwca 2020,2 lipca 2020,,1963.0,,,,,,,,,,,,,,
Warszawa,Bemowo,Batalionów Chłopskich,539200.0,10080.39,53.49,3.0,53.49,3.0,3.0,1.0,pierwotny,,3 lipca 2020,3 lipca 2020,,2022.0,,,,,,,,,,,,,,
Warszawa,Wola,Księcia Janusza,339000.0,11300.0,30.0,2.0,30.0,2.0,10.0,,wtórny,SPÓŁDZIELCZE WŁASNOŚCIOWE,2020-07-08,wczoraj,,1975.0,,,247.0,,,DO REMONTU,,BEZ OKNA,1.0,,,,,
Warszawa,Wola,Sitnika,460000.0,13450.29,34.2,2.0,34.2,2.0,3.0,,wtórny,WŁASNOŚĆ,2020-07-07,wczoraj,NISKI BLOK,1954.0,,,,,CEGŁA,DOBRY,,,,,,,,
Warszawa,Stara Ochota,Rokosowska,490000.0,11951.22,41.0,2.0,41.0,1.0,4.0,,wtórny,WŁASNOŚĆ,2020-07-08,2 lipca 2020,KAMIENICA,1950.0,,,,,CEGŁA,,,,,,,,,
Warszawa,Wola,Ordona,576192.0,11999.0,48.02,2.0,48.02,3.0,6.0,1.0,wtórny,,1 lipca 2020,30 czerwca 2020,APARTAMENTOWIEC,2018.0,,,,,,,1.0,,,,,,,
Warszawa,Słodowiec,Staffa,379999.0,10826.18,35.1,2.0,35.1,4.0,4.0,,wtórny,SPÓŁDZIELCZE WŁASNOŚCIOWE PRAWO,2020-07-07,wczoraj,,1968.0,,,,,,WYMAGA REMONTU DROBNEGO,,ODDZIELNA,1.0,,,,,
Warszawa,Czyste,Kasprzaka,494000.0,13000.0,38.0,2.0,38.0,8.0,10.0,1.0,wtórny,,1 lipca 2020,25 czerwca 2020,APARTAMENTOWIEC,2020.0,,,,,,,1.0,,,,,,,
Warszawa,Bemowo,Górczewska,456000.0,11162.79,40.85,2.0,40.85,1.0,11.0,1.0,wtórny,WŁASNOŚĆ,2020-07-08,2 lipca 2020,WIEŻOWIEC,2008.0,,,,,,WYSOKI STANDARD,,ANEKS KUCHENNY,,,,,,
Warszawa,Ochota,Rokosowska,490000.0,12250.0,40.0,1.0,40.0,1.0,4.0,0.0,wtórny,HIPOTECZNE,2020-07-07,wczoraj,,1950.0,,,300.0,,CEGŁA,,,,,,,,,
Warszawa,Mokotów,,558000.0,11625.0,48.0,3.0,48.0,2.0,4.0,1.0,wtórny,,2020-07-07,2 lipca 2020,,,,,,,,,,,,,,,,
Warszawa,Wilanów,Al. Rzeczypospolitej,550000.0,11702.13,47.0,2.0,47.0,2.0,4.0,,wtórny,WŁASNOŚĆ,3 lipca 2020,3 lipca 2020,APARTAMENTOWIEC,2008.0,,,,,,WYSOKI STANDARD,,ANEKS KUCHENNY,1.0,,,,,
Warszawa,Białołęka,Marywilska,425200.0,7295.81,58.28,3.0,58.28,3.0,5.0,1.0,pierwotny,,2020-07-08,3 lipca 2020,,2020.0,,,,,,,,,,,,,,
Warszawa,Praga-Północ,Heleny Rzeszotarskiej,395000.0,9186.05,43.0,2.0,43.0,7.0,7.0,,wtórny,,4 lipca 2020,28 czerwca 2020,,,,,,,,,,,,,,,,
Warszawa,Praga-Południe,Wiatraczna,535000.0,11630.43,46.0,2.0,46.0,4.0,4.0,1.0,wtórny,,25 czerwca 2020,25 czerwca 2020,KAMIENICA,1935.0,,,,,CEGŁA,,1.0,,,,,,,
Warszawa,Żoliborz,Dymińska,410000.0,11081.08,37.0,2.0,37.0,0.0,10.0,0.0,wtórny,SPÓŁDZIELCZE WŁASNOŚCIOWE,30 czerwca 2020,24 czerwca 2020,BLOK,1969.0,,,250.0,,PŁYTA,DO REMONTU,,PRZEŚWIT,1.0,,,2.85,,
Warszawa,Mokotów,,455000.0,9891.3,46.0,3.0,46.0,3.0,4.0,,wtórny,,24 czerwca 2020,2 lipca 2020,,,,,,,,,,,,,,,,
Warszawa,Mokotów,Bachmacka,492000.0,12879.58,38.2,1.0,38.2,1.0,4.0,,wtórny,,3 lipca 2020,3 lipca 2020,,1960.0,,,,,,,1.0,,,,,,,
Warszawa,Białołęka,Białołęcka,460000.0,7076.92,65.0,4.0,65.0,0.0,3.0,,pierwotny,,27 czerwca 2020,30 czerwca 2020,,,,,,,,,,,,,,,,
Warszawa,Żerań,Marywilska 62,473205.0,6889.0,68.69,3.0,68.69,3.0,,1.0,pierwotny,,6 lipca 2020,21 lutego 2020,,2021.0,RONSON DEVELOPMENT SP. Z O.O.,Miasto Moje,,,,,,,,,5.4,,,
Warszawa,Wrzeciono,Wrzeciono,450000.0,12162.16,37.0,2.0,37.0,5.0,10.0,,wtórny,SPÓŁDZIELCZE WŁ. Z KW,2020-07-07,6 lipca 2020,BLOK,1976.0,,,245.0,,WIELKA PŁYTA,BARDZO DOBRY,1.0,ODDZIELNA I CIEMNA,1.0,razem,,2.5,,
Warszawa,Białołęka,,284411.0,8335.61,34.12,2.0,34.12,1.0,2.0,1.0,pierwotny,,2020-07-07,wczoraj,,2021.0,,,,,,,,,,,,,,
Warszawa,Białołęka,Kąty Grodziskie,380095.0,6949.99,54.69,3.0,54.69,0.0,3.0,,wtórny,WŁASNOŚĆ,25 czerwca 2020,24 czerwca 2020,BLOK,2021.0,,,265.0,,ZRÓŻNICOWANY,DO WYKOŃCZENIA,2.0,CIEMNA,,,,,,
Warszawa,Marysin Wawerski,Rekrucka,407498.0,9100.0,44.78,2.0,44.78,5.0,5.0,,pierwotny,,3 lipca 2020,3 lipca 2020,,2022.0,,,,,,,,,,,,,,
Warszawa,Wilanów,Nałęczowska,650000.0,9285.71,70.0,4.0,70.0,8.0,10.0,1.0,wtórny,WŁASNOŚĆ,6 lipca 2020,wczoraj,BLOK,1978.0,,,260.0,,RAMA H,BARDZO DOBRY,,,,,4.0,,,
Warszawa,Mokotów,Puławska,695000.0,10373.13,67.0,4.0,67.0,8.0,10.0,1.0,wtórny,WŁASNOŚĆ,6 lipca 2020,6 lipca 2020,WIEŻOWIEC,1975.0,,,,,WIELKA PŁYTA,WYSOKI STANDARD,,ODDZIELNA,1.0,,,,,
Warszawa,Wawer,,309999.0,10333.3,30.0,1.0,30.0,3.0,4.0,,wtórny,UŻYTKOWANIE WIECZYSTE,6 lipca 2020,27 czerwca 2020,,1963.0,,,,,RAMA H,DO ODŚWIEŻENIA,,ODDZIELNA,1.0,,,,,
Warszawa,Powiśle,Orłowicza,950000.0,18269.23,52.0,2.0,52.0,4.0,8.0,1.0,wtórny,WŁASNOŚĆ,1 lipca 2020,1 lipca 2020,APARTAMENTOWIEC,2014.0,,,280.0,,CEGŁA,WYSOKI STANDARD,,OTWARTA,1.0,,,,,
Warszawa,Ursynów,Sotta,765000.0,9735.3,78.58,4.0,78.58,3.0,4.0,1.0,wtórny,WŁASNOŚĆ,2020-07-08,24 czerwca 2020,BLOK,1995.0,,,,,CEGŁA,DOBRY,,OTWARTA,1.0,,,,,
Warszawa,Nowa Praga,Jagiellońska,529000.0,10633.17,49.75,2.0,49.75,2.0,6.0,1.0,wtórny,WŁASNOŚĆ,2020-07-07,7 lipca 2020,KAMIENICA,1955.0,,,,2.0,CEGŁA,DO REMONTU,1.0,ODDZIELNA WIDNA,1.0,,2.0,2.92,,
Warszawa,Wola,Sokołowska,610000.0,12127.24,50.3,2.0,50.3,9.0,13.0,,wtórny,WŁASNOŚĆ,2020-07-08,30 czerwca 2020,BLOK MIESZKALNY,2012.0,,,,,MIESZANA,DO REMONTU,,ANEKS KUCHENNY,,,,,,
Warszawa,Nowe Miasto,,499000.0,13306.67,37.5,1.0,37.5,2.0,3.0,,wtórny,,5 lipca 2020,29 czerwca 2020,,1965.0,,,,,,,,,,,,,,
Warszawa,Mokotów,Chełmska,500000.0,11111.11,45.0,2.0,45.0,2.0,4.0,,wtórny,SPÓŁDZIELCZE WŁASNOŚCIOWE Z KW,2020-07-08,1 lipca 2020,NISKI BLOK,1971.0,,,,,,,,,,,,,,
Warszawa,Chrzanów,,580000.0,8452.35,68.62,3.0,68.62,2.0,5.0,1.0,pierwotny,,2 lipca 2020,6 lipca 2020,APARTAMENTOWIEC,2022.0,,,,,,DEWELOPERSKI,2.0,ODDZIELNA WIDNA,3.0,razem,5.6,,,
Warszawa,Sady Żoliborskie,,350000.0,12962.96,27.0,1.0,27.0,2.0,10.0,,wtórny,,25 czerwca 2020,25 czerwca 2020,,1968.0,,,,,,,,,,,,,,
Warszawa,Śródmieście,Śniadeckich,525000.0,15000.0,35.0,1.0,35.0,1.0,5.0,,wtórny,,29 czerwca 2020,2 lipca 2020,,,,,,,,,,,,,,,,
Warszawa,Śródmieście,,850000.0,10365.85,82.0,3.0,82.0,3.0,3.0,1.0,wtórny,,30 czerwca 2020,27 czerwca 2020,KAMIENICA,1932.0,,,,,,DO REMONTU,,,,,,,,
Warszawa,Praga-Południe,,385000.0,12419.35,31.0,1.0,31.0,6.0,8.0,,pierwotny,WŁASNOŚĆ,5 lipca 2020,28 czerwca 2020,,2021.0,,,,,MIESZANY,DEWELOPERSKI,,ANEKS KUCHENNY,1.0,,,,,
Warszawa,Targówek,Wysockiego,320000.0,10389.61,30.8,1.0,30.8,3.0,10.0,,wtórny,SPÓŁDZIELCZE WŁASNOŚCIOWE Z KW,2020-07-08,2 lipca 2020,WIEŻOWIEC,1977.0,,,,,,,,OTWARTA,1.0,,,,,
Warszawa,Mokotów,,528000.0,11000.0,48.0,3.0,48.0,10.0,10.0,1.0,wtórny,WŁASNOŚĆ,2020-07-08,25 czerwca 2020,WIEŻOWIEC,1979.0,,,,,,DO REMONTU,,ODDZIELNA,,,,,,
Warszawa,Stary Mokotów,Dolna,460000.0,14465.41,31.8,2.0,31.8,0.0,10.0,,wtórny,SPÓŁDZIELCZE WŁ. Z KW,1 lipca 2020,1 lipca 2020,WIEŻOWIEC,1979.0,,,,,RAMA H,PO REMONCIE,1.0,ANEKS KUCHENNY - POŁĄCZONY Z SALONEM,1.0,razem,,6.0,,
Warszawa,Chrzanów,Batalionów Chłopskich,505500.0,9361.11,54.0,3.0,54.0,1.0,4.0,1.0,pierwotny,,2020-07-07,wczoraj,,2022.0,,,,,,,,,,,,,,
Warszawa,Natolin,Kazury,589000.0,11113.21,53.0,3.0,,2.0,4.0,,wtórny,,26 czerwca 2020,26 czerwca 2020,,,,,,,,,,,,,,,,
Warszawa,Stara Miłosna,Mazowiecka,699999.0,8536.57,82.0,4.0,82.0,3.0,3.0,,wtórny,,25 czerwca 2020,25 czerwca 2020,APARTAMENTOWIEC,2012.0,,,,,,WYSOKI STANDARD,,ANEKS KUCHENNY,,,,,,
Warszawa,Ochota,Opaczewska,516000.0,12000.0,43.0,2.0,43.0,4.0,4.0,,wtórny,WŁASNOŚĆ,2020-07-07,3 lipca 2020,KAMIENICA,1958.0,,,280.0,,CEGŁA,,,ANEKS KUCHENNY,1.0,,,,,
Warszawa,Mokotów,,850000.0,9659.09,88.0,2.0,88.0,12.0,17.0,,wtórny,,5 czerwca 2020,wczoraj,APARTAMENTOWIEC,1999.0,,,,,,IDEALNY,1.0,OTWARTA POŁĄCZONA Z JADALNIĄ,,,,,,
Warszawa,Śródmieście,Al. Jana Pawła II,385000.0,14528.3,26.5,1.0,,8.0,8.0,,wtórny,,28 czerwca 2020,26 czerwca 2020,,,,,,,,,,,,,,,,
Warszawa,Praga-Południe,,268584.0,9300.0,28.88,1.0,28.88,5.0,5.0,,pierwotny,WŁASNOŚĆ,2020-07-07,1 lipca 2020,APARTAMENTOWIEC,2022.0,,,,,,DO WYKOŃCZENIA,,,,,3.15,,,
Warszawa,Praga-Północ,Białostocka,533520.0,9500.0,56.16,2.0,56.16,3.0,5.0,,wtórny,,2 lipca 2020,2 lipca 2020,NISKI BLOK,2020.0,,,,,,DO WYKOŃCZENIA,,ANEKS KUCHENNY,,,,,,
Warszawa,Mokotów,Obrzeżna,331332.0,12092.41,27.4,1.0,27.4,3.0,10.0,,pierwotny,,1 lipca 2020,1 lipca 2020,APARTAMENTOWIEC,2021.0,,,,,,,,,,,,,,
Warszawa,Wawer,Chodzieska,556780.0,4100.0,135.8,4.0,135.8,1.0,1.0,1.0,pierwotny,WŁASNOŚĆ,2 lipca 2020,2 lipca 2020,DOM,2019.0,,,270.0,,CEGŁA,DO ADAPTACJI,,ANEKS KUCHENNY,1.0,,,,,
Warszawa,Mokotów,Podgórska,657200.0,10473.31,62.75,3.0,62.75,1.0,10.0,1.0,pierwotny,,29 czerwca 2020,29 czerwca 2020,APARTAMENTOWIEC,2022.0,,,,,,,,,,,,,,
Warszawa,Białołęka,Skarbka z Gór,452000.0,8324.13,54.3,2.0,54.3,0.0,3.0,1.0,wtórny,WŁASNOŚĆ,2020-07-08,6 lipca 2020,NISKI BLOK,2003.0,,,,,,,,ODDZIELNA,1.0,,,,,
Warszawa,Sadyba,Jaszowiecka,545000.0,8507.65,64.06,3.0,64.06,3.0,8.0,,wtórny,WŁASNOŚĆ,6 lipca 2020,24 czerwca 2020,,1984.0,,,,,,,,,,,,,,
Warszawa,Służew,Sonaty,788000.0,13824.56,57.0,3.0,57.0,2.0,11.0,1.0,pierwotny,WŁASNOŚĆ,24 czerwca 2020,24 czerwca 2020,APARTAMENTOWIEC,2020.0,,,260.0,,CEGŁA,DO WYKOŃCZENIA,2.0,OTWARTA,,razem,400.0,,,
Warszawa,Mokotów,Konduktorska,400000.0,11267.61,35.5,2.0,35.5,2.0,4.0,,wtórny,WŁASNOŚĆ,2020-07-08,1 lipca 2020,NISKI BLOK,1967.0,,,,,,,,OTWARTA,1.0,,,,,
Warszawa,Targówek,,299000.0,10246.74,29.18,1.0,29.18,1.0,10.0,1.0,wtórny,WŁASNOŚĆ,2020-07-08,30 czerwca 2020,BLOK,,,,,,,,,"ODDZIELNA, Z WYPOSAŻENIEM, W ZABUDOWIE",,osobno,,,,
Warszawa,Mokotów,Karwińska,590000.0,10659.44,55.35,,55.35,1.0,,,wtórny,,30 czerwca 2020,30 czerwca 2020,BLOK,,,,,,,,,,,,,,,
Warszawa,Targówek,Wyszogrodzka,539000.0,8154.31,66.1,3.0,66.1,10.0,10.0,1.0,wtórny,SPÓŁDZIELCZE WŁASNOŚCIOWE,29 czerwca 2020,29 czerwca 2020,BLOK,1981.0,,,270.0,,WIELKA PŁYTA,BARDZO DOBRY,,,,,,,,
Warszawa,Praga-Południe,,824900.0,10998.67,75.0,4.0,75.0,2.0,2.0,,wtórny,WŁASNOŚĆ,2020-07-07,wczoraj,,2012.0,,,,,MIESZANY,BARDZO DOBRY,,PÓŁOTWARTA,,,,,,
Warszawa,Praga-Południe,Rondo Wiatraczna,740000.0,9866.67,75.0,3.0,75.0,1.0,5.0,1.0,pierwotny,,2020-07-08,24 czerwca 2020,HISTORYCZNY/ZABYTKOWY,2022.0,,,,,INNE,,2.0,,,,,,,
Warszawa,Żoliborz,,459000.0,13909.09,33.0,1.0,33.0,,6.0,1.0,wtórny,WŁASNOŚĆ,3 lipca 2020,3 lipca 2020,,,,,270.0,,,BARDZO WYSOKI STANDARD,,,1.0,,,,,
Warszawa,Białołęka,Odkryta,370000.0,8131.87,45.5,2.0,45.5,1.0,5.0,1.0,wtórny,WŁASNOŚĆ,2020-07-08,25 czerwca 2020,NISKI BLOK,2000.0,,,,,,,,,,,,,,
Warszawa,Powiśle,Dobra,660000.0,13750.0,48.0,2.0,48.0,1.0,6.0,,wtórny,,2020-07-08,2 lipca 2020,BLOK,,,,,,,,,ODDZIELNA,,,,,,
Warszawa,Skorosze,Chełmońskiego,870000.0,9062.5,96.0,3.0,,6.0,7.0,,wtórny,,27 czerwca 2020,27 czerwca 2020,,,,,,,,,,,,,,,1.0,
Warszawa,Bielany,Broniewskiego,555000.0,9736.84,57.0,3.0,57.0,5.0,10.0,1.0,wtórny,WŁASNOŚĆ,2020-07-08,2 lipca 2020,WIEŻOWIEC,,,,,,WIELKA PŁYTA,,,ODDZIELNA,,,,,,
Warszawa,Bemowo,,499000.0,10395.83,48.0,2.0,48.0,5.0,5.0,,wtórny,WŁASNOŚĆ,3 lipca 2020,29 czerwca 2020,,2007.0,,,,,CEGŁA,BARDZO DOBRY,,ANEKS KUCHENNY,1.0,,,,,
Warszawa,Targówek,,610000.0,7625.0,80.0,4.0,80.0,0.0,7.0,1.0,wtórny,WŁASNOŚĆ,23 czerwca 2020,5 lipca 2020,BLOK,1991.0,,,270.0,,BETON KOMÓRKOWY,DO ODŚWIEŻENIA,3.0,,1.0,,5.5,,,
Warszawa,Mokotów,Karwińska,580000.0,10478.77,55.35,2.0,55.35,1.0,3.0,,wtórny,SPÓŁDZIELCZE WŁASNOŚCIOWE BEZ KW,2020-07-08,wczoraj,BLOK,1962.0,,,,0.0,CEGŁA,DO GENERALNEGO REMONTU,1.0,ODDZIELNA WIDNA,1.0,,,3.7,,
Warszawa,Ochota,,519000.0,10972.52,47.3,3.0,47.3,2.0,4.0,1.0,wtórny,WŁASNOŚĆ,2020-07-08,29 czerwca 2020,BLOK,1970.0,,,,,,DOBRY,2.0,"Z OKNEM, ODDZIELNA, Z WYPOSAŻENIEM, W ZABUDOWIE",,osobno,,,,
Warszawa,Praga-Południe,Kickiego,585000.0,11700.0,50.0,2.0,50.0,3.0,4.0,1.0,wtórny,,27 czerwca 2020,30 czerwca 2020,,,,,,,,,,,,,,,,
Warszawa,Muranów,,698000.0,14541.67,48.0,2.0,48.0,3.0,6.0,0.0,wtórny,HIPOTECZNE,2 lipca 2020,30 czerwca 2020,,1950.0,,,,,CEGŁA,,,,,,,,,
Warszawa,Stegny,,399000.0,12912.62,30.9,2.0,30.9,0.0,11.0,,wtórny,,24 czerwca 2020,2 lipca 2020,,1975.0,,,,,,,,,,,,,,
Warszawa,Śródmieście,Pamiętajcie o Ogrodach,606736.0,12925.78,46.94,2.0,46.94,0.0,9.0,,pierwotny,,6 lipca 2020,6 lipca 2020,APARTAMENTOWIEC,2021.0,,,,,,,,,,,,,,
Warszawa,Marysin Wawerski,Rekrucka,436632.0,9200.0,47.46,2.0,47.46,1.0,5.0,,pierwotny,,1 lipca 2020,1 lipca 2020,,2022.0,,,,,,,,,,,,,,
Warszawa,Wola,,819000.0,12044.12,68.0,3.0,68.0,6.0,7.0,,wtórny,WŁASNOŚĆ,2020-07-08,30 czerwca 2020,BLOK,2009.0,,,,,,DOBRY,2.0,"Z OKNEM, W ANEKSIE, Z WYPOSAŻENIEM, W ZABUDOWIE",,razem,,,,
Warszawa,Mokotów,,680000.0,11971.83,56.8,3.0,56.8,7.0,10.0,,wtórny,SPÓŁDZIELCZE WŁASNOŚCIOWE,3 lipca 2020,3 lipca 2020,,1977.0,,,,,,,,,,,,,,
Warszawa,Białołęka,Białołęcka,498994.0,6855.26,72.79,4.0,72.79,1.0,,1.0,pierwotny,,3 lipca 2020,2 marca 2020,,2021.0,VICTORIA DOM SPÓŁKA AKCYJNA,VIVA GARDEN,,,,,,ANEKS,,,7.6,,,
Warszawa,Białołęka,Żeglugi Wiślanej,450000.0,7936.51,56.7,3.0,56.7,2.0,3.0,1.0,wtórny,WŁASNOŚĆ,2020-07-08,24 czerwca 2020,NISKI BLOK,2012.0,,,,,,,,OTWARTA,1.0,,,,,
Warszawa,Białołęka,Leona Berensona,410000.0,6841.31,59.93,3.0,59.93,1.0,2.0,1.0,pierwotny,WŁASNOŚĆ,4 lipca 2020,4 lipca 2020,NISKI BLOK,2020.0,,,302.0,,,DO WYKOŃCZENIA,,Z OKNEM,1.0,,,,,
Warszawa,Fort Bema,Wrocławska,517000.0,10340.0,50.0,2.0,50.0,1.0,3.0,1.0,wtórny,WŁASNOŚĆ,2020-07-07,wczoraj,NISKI BLOK,2005.0,,,,,,WYSOKI STANDARD,,ANEKS KUCHENNY,1.0,,,,,
Warszawa,Bielany,Włodzimierza Perzyńskiego,379000.0,10676.06,35.5,2.0,35.5,10.0,10.0,,wtórny,WŁASNOŚĆ,2020-07-08,30 czerwca 2020,WIEŻOWIEC,1970.0,,,,,,,,,,,,,,
Warszawa,Wawer,,510850.0,8500.0,60.1,3.0,60.1,3.0,5.0,,pierwotny,UŻYTKOWANIE WIECZYSTE,19 czerwca 2020,3 lipca 2020,APARTAMENTOWIEC,2020.0,,,270.0,,MIESZANA,DEWELOPERSKI,2.0,ANEKS KUCHENNY - POŁĄCZONY Z SALONEM,,razem,4.5,,,
Warszawa,Mokotów,Obrzeżna,999900.0,12052.8,82.96,3.0,82.96,4.0,6.0,1.0,wtórny,WŁASNOŚĆ,2 lipca 2020,2 lipca 2020,APARTAMENTOWIEC,,,,,,CEGŁA,BARDZO DOBRY,2.0,PÓŁOTWARTA,,,6.05,,,
Warszawa,Zawady,Bruzdowa,731437.0,8690.0,84.17,4.0,84.17,2.0,,,wtórny,,29 czerwca 2020,29 czerwca 2020,,,,,,,,,,ODDZIELNA,,,,,,
Warszawa,Śródmieście,Nowowiejska,449000.0,12828.57,35.0,1.0,35.0,4.0,5.0,0.0,wtórny,,6 lipca 2020,24 czerwca 2020,BLOK MIESZKALNY,1965.0,,,,,INNE,,,,,,,,,
Warszawa,Stara Ochota,Grójecka,780000.0,12074.3,64.6,3.0,64.6,6.0,6.0,0.0,wtórny,WŁASNOŚĆ,2020-07-08,6 lipca 2020,KAMIENICA,1956.0,,,300.0,,CEGŁA,,,OSOBNA,1.0,razem,,4.0,,
Warszawa,Wola,Kolejowa,483700.0,14000.0,34.55,1.0,34.55,1.0,8.0,,pierwotny,,2020-07-07,wczoraj,APARTAMENTOWIEC,2020.0,,,,,,,1.0,,,,,,,
Warszawa,Jelonki Północne,Borowego,460000.0,10000.0,46.0,3.0,46.0,0.0,8.0,,wtórny,SPÓŁDZIELCZE + KW,2020-07-07,wczoraj,BLOK,1985.0,,,,,,BARDZO DOBRY,,WIDNA,,razem,,,,
Warszawa,Ursynów,Raabego,600000.0,10000.0,60.0,3.0,60.0,3.0,3.0,1.0,wtórny,HIPOTECZNE,27 czerwca 2020,27 czerwca 2020,BLOK,1986.0,,,,,WIELKA PŁYTA,BARDZO DOBRY,,ZAMKNIĘTA,,,,,,
Warszawa,Białołęka,Aluzyjna,380000.0,7509.88,50.6,2.0,50.6,5.0,7.0,1.0,wtórny,WŁASNOŚĆ,2020-07-08,2 lipca 2020,WIEŻOWIEC,2003.0,,,,,,DOBRY,,OTWARTA,1.0,,,,,
Warszawa,Jelonki Południowe,Batalionów Chłopskich,759000.0,11328.36,67.0,3.0,,0.0,3.0,0.0,wtórny,WŁASNOŚĆ,30 czerwca 2020,28 czerwca 2020,BLOK,2009.0,,,275.0,,,DOBRY,,PÓŁOTWARTA,,razem,,,1.0,1.0
Warszawa,Białołęka,Wyspiarska,584352.0,7496.5,77.95,3.0,77.95,5.0,5.0,1.0,wtórny,WŁASNOŚĆ,2020-07-08,29 czerwca 2020,BLOK MIESZKALNY,,,,,,MIESZANA,DEWELOPERSKI,,ANEKS KUCHENNY,,,,,,
Warszawa,Praga-Północ,Szymanowskiego,614000.0,11485.22,53.46,2.0,53.46,1.0,3.0,0.0,wtórny,WŁASNOŚĆ,26 czerwca 2020,26 czerwca 2020,KAMIENICA,1956.0,,,268.0,,CEGŁA,PO REMONCIE,,WIDNA I ZAMKNIĘTA,1.0,,,4.6,,
Warszawa,Targówek,Myszkowska,550000.0,9166.67,60.0,3.0,60.0,2.0,10.0,,wtórny,,2020-07-08,wczoraj,WIEŻOWIEC,1976.0,,,,,,,,,,,,,,
Warszawa,Bródno,,379999.0,8837.19,43.0,3.0,43.0,5.0,10.0,,wtórny,SPÓŁ. WŁASNOŚCIOWE Z KW,6 lipca 2020,27 czerwca 2020,,1969.0,,,,,RAMA H,DO ODŚWIEŻENIA,,ODDZIELNA,1.0,,,,,
Warszawa,Bemowo,Batalionów Chłopskich,512300.0,10285.08,49.81,2.0,49.81,0.0,4.0,1.0,pierwotny,,3 lipca 2020,3 lipca 2020,,2022.0,,,,,,,,,,,,,,
Warszawa,Białołęka,Talarowa,608000.0,7495.99,81.11,2.0,81.11,3.0,3.0,1.0,wtórny,WŁASNOŚĆ,2020-07-08,2 lipca 2020,BLOK MIESZKALNY,,,,260.0,,MIESZANA,DEWELOPERSKI,,,,,,,,
Warszawa,Śródmieście,,360000.0,14693.88,24.5,1.0,24.5,10.0,10.0,,wtórny,,6 lipca 2020,30 czerwca 2020,,1970.0,,,,,,,,,,,,,,
Warszawa,Wilanów,Aleja Rzeczypospolitej,895000.0,12260.27,73.0,3.0,73.0,3.0,4.0,,wtórny,,2 lipca 2020,2 lipca 2020,APARTAMENTOWIEC,,,,,,,,2.0,,,,,,,
Warszawa,Mokotów,Nałęczowska,532500.0,10867.35,49.0,2.0,49.0,1.0,10.0,1.0,pierwotny,,3 lipca 2020,3 lipca 2020,,2022.0,,,,,,,,,,,,,,
Warszawa,Mokotów,Podgórska,543045.0,11116.58,48.85,2.0,48.85,2.0,10.0,1.0,pierwotny,,3 lipca 2020,3 lipca 2020,APARTAMENTOWIEC,2022.0,,,,,,,,,,,,,,
Warszawa,Chrzanów,Szeligowska,579000.0,9338.71,62.0,3.0,62.0,2.0,10.0,,wtórny,WŁASNOŚĆ,5 lipca 2020,28 czerwca 2020,BLOK,2019.0,,,,4.06,MIESZANA,DEWELOPERSKI,2.0,"OTWARTA NA POKÓJ, WIDNA",1.0,,,3.62,,
Warszawa,Stare Miasto,Franciszkańska,795000.0,22714.29,35.0,2.0,35.0,0.0,4.0,,wtórny,,2020-07-07,24 czerwca 2020,,,,,,,,,1.0,,,,,,,
Warszawa,Ochota,Karola Dickensa,395000.0,10972.22,36.0,2.0,36.0,3.0,10.0,1.0,wtórny,,3 lipca 2020,3 lipca 2020,BLOK MIESZKALNY,1970.0,,,,,,,,,,,,,,
Warszawa,Żerań,Marywilska 62,452430.0,6855.0,66.0,3.0,66.0,2.0,,,pierwotny,,6 lipca 2020,21 lutego 2020,,2021.0,RONSON DEVELOPMENT SP. Z O.O.,Miasto Moje,,,,,,,,,,,,
Warszawa,Mokotów,,686000.0,12703.7,54.0,2.0,54.0,7.0,,1.0,wtórny,,3 lipca 2020,3 lipca 2020,APARTAMENTOWIEC,2006.0,,,,,,BARDZO WYSOKI STANDARD,,OTWARTA,1.0,,,,,
Warszawa,Rakowiec,,579000.0,12319.15,47.0,3.0,47.0,1.0,4.0,,wtórny,WŁASNOŚĆ,2020-07-07,wczoraj,BLOK,1965.0,,,265.0,,"BETON, CEGŁA",BARDZO DOBRY,2.0,ODDZIELNA I WIDNA,1.0,razem,2.0,4.0,,
Warszawa,Śródmieście,Jana Pawła II,729000.0,18225.0,40.0,1.0,40.0,3.0,9.0,,wtórny,,2020-07-07,3 lipca 2020,APARTAMENTOWIEC,2001.0,,,,,CEGŁA,,1.0,,,,,,,
Warszawa,Ursynów,,708000.0,10850.57,65.25,4.0,65.25,4.0,4.0,,pierwotny,,18 października 2019,3 lipca 2020,APARTAMENTOWIEC,2020.0,,,270.0,,MIESZANA,DEWELOPERSKI,3.0,ODDZIELNA,,razem,21.0,,,
Warszawa,Praga-Północ,,641000.0,10015.63,64.0,3.0,64.0,1.0,4.0,1.0,pierwotny,,1 lipca 2020,1 lipca 2020,APARTAMENTOWIEC,2022.0,,,,,,,,,,,,,,
Warszawa,Bemowo,Batalionów Chłopskich,586900.0,9144.59,64.18,3.0,64.18,2.0,4.0,,pierwotny,WŁASNOŚĆ,30 czerwca 2020,30 czerwca 2020,BLOK MIESZKALNY,2022.0,,,,,ŻELBETON,,,,,,,,,
Warszawa,Wola,Garbińskiego,412000.0,11111.11,37.08,2.0,37.08,8.0,10.0,,wtórny,WŁASNOŚĆ,2020-07-08,24 czerwca 2020,WIEŻOWIEC,1960.0,,,,,,,,OTWARTA,1.0,,,,,
Warszawa,Ursynów,Komisji Edukacji Narodowej,695000.0,11583.33,60.0,2.0,60.0,3.0,5.0,1.0,wtórny,WŁASNOŚĆ,2020-07-08,27 czerwca 2020,APARTAMENTOWIEC,2002.0,,,,,CEGŁA,WYSOKI STANDARD,,,,,,,,
Warszawa,Śródmieście,Wspólna,630000.0,13695.65,46.0,3.0,46.0,9.0,11.0,1.0,wtórny,WŁASNOŚĆ,2 lipca 2020,1 lipca 2020,BLOK,1994.0,,,,,,BARDZO DOBRY,2.0,WIDNA,,razem,,,,
Warszawa,Ursus,Dzieci Warszawy,490000.0,10755.05,45.56,2.0,45.56,3.0,7.0,,wtórny,,25 czerwca 2020,25 czerwca 2020,BLOK MIESZKALNY,2016.0,,,,,,,,,,,,,,
Warszawa,Białołęka,,338000.0,10595.61,31.9,1.0,31.9,7.0,11.0,,wtórny,,5 lipca 2020,1 lipca 2020,,2000.0,,,,,,,,OTWARTA,,,,,,
Warszawa,Ursynów,Bokserska,761282.0,10391.51,73.26,4.0,73.26,4.0,10.0,1.0,pierwotny,,1 lipca 2020,1 lipca 2020,APARTAMENTOWIEC,2021.0,,,,,,,,,,,,,,
Warszawa,Praga-Południe,Marsa,525000.0,8076.92,65.0,3.0,65.0,1.0,5.0,1.0,pierwotny,,2020-07-08,25 czerwca 2020,,2020.0,,,,,,,2.0,,,,,,,
Warszawa,Sadyba,Kołobrzeska,980000.0,6125.0,160.0,3.0,0.0,0.0,2.0,,wtórny,,2020-07-08,dzisiaj,,,,,,,,,2.0,,,,,,,
Warszawa,Wierzbno,Niepodległości,720000.0,13846.15,52.0,2.0,52.0,1.0,5.0,,wtórny,WŁASNOŚĆ,2020-07-08,wczoraj,KAMIENICA,1952.0,,,290.0,,CEGŁA,BARDZO DOBRY,,WIDNA,,razem,,,,
Warszawa,Grochów,Stanisława Augusta,885000.0,9899.33,89.4,4.0,89.4,3.0,3.0,1.0,wtórny,WŁASNOŚĆ,2020-07-07,wczoraj,KAMIENICA,1938.0,,,265.0,,CEGŁA,,,ANEKS,2.0,,,,,
Warszawa,Mokotów,Powsińska,520000.0,9203.54,56.5,3.0,56.5,1.0,4.0,1.0,wtórny,SPÓŁDZIELCZA WŁASNOŚCIOWA Z KW,2020-07-08,2 lipca 2020,BLOK MIESZKALNY,1969.0,,,250.0,,WIELKA PŁYTA,DO ODNOWIENIA,,KUCHNIA ZAMYKANA Z OKNEM,,,,,,
Warszawa,Młynów,,410000.0,12202.38,33.6,1.0,33.6,1.0,3.0,,wtórny,WŁASNOŚĆ,2020-07-07,wczoraj,KAMIENICA,1955.0,,,275.0,,CEGŁA STARA,,1.0,JASNA Z OKNEM,1.0,razem,,2.5,,
Warszawa,Śródmieście,Plac Mirowski,415000.0,11216.22,37.0,2.0,37.0,4.0,5.0,,wtórny,SPÓŁDZIELCZE WŁASNOŚCIOWE Z KW,2020-07-07,30 czerwca 2020,KAMIENICA,1930.0,,,,,,,,Z OKNEM,,,,,,
Warszawa,Białołęka,Wyspiarska,430500.0,7103.96,60.6,3.0,60.6,2.0,5.0,1.0,pierwotny,,2 lipca 2020,2 lipca 2020,BLOK MIESZKALNY,2020.0,,,,,,,,,,,,,,
Warszawa,Ursynów,Stryjeńskich,499000.0,12475.0,40.0,1.0,40.0,1.0,5.0,1.0,wtórny,SPÓŁDZIELCZE WŁASNOŚCIOWE Z KW,2020-07-08,29 czerwca 2020,NISKI BLOK,1998.0,,,,,,,,,,,,,,
Warszawa,Ursynów,,559000.0,10750.0,52.0,3.0,52.0,4.0,7.0,,wtórny,,26 czerwca 2020,26 czerwca 2020,,1987.0,,,,,,,,,,,,,,
Warszawa,Ursus,Posag 7 Panien,473000.0,7317.45,64.64,3.0,64.64,2.0,7.0,1.0,wtórny,WŁASNOŚĆ,25 czerwca 2020,24 czerwca 2020,BLOK,2020.0,,,265.0,,ZRÓŻNICOWANY,DO WYKOŃCZENIA,2.0,ANEKS,,,5.04,,,
Warszawa,Białołęka,Marywilska,455000.0,8024.69,56.7,3.0,56.7,2.0,5.0,,wtórny,WŁASNOŚĆ,2020-07-08,25 czerwca 2020,BLOK MIESZKALNY,2011.0,,,,,CEGŁA,PODWYŻSZONY,,,,,,,,
Warszawa,Rembertów,,860000.0,7747.75,111.0,4.0,111.0,0.0,5.0,,pierwotny,,1 lipca 2020,1 lipca 2020,APARTAMENTOWIEC,2020.0,,,,,,,3.0,,,,,,,
Warszawa,Praga-Południe,,698000.0,10485.2,66.57,3.0,66.57,13.0,17.0,,wtórny,,6 lipca 2020,6 lipca 2020,APARTAMENTOWIEC,2019.0,,,,,BETON KOMÓRKOWY,BARDZO DOBRY,,,,,,,,
Warszawa,Żoliborz,,340000.0,14782.61,23.0,1.0,23.0,1.0,3.0,,wtórny,ODRĘBNA WŁASNOŚĆ LOKALU,6 lipca 2020,6 lipca 2020,KAMIENICA,1926.0,,,300.0,,CEGŁA,,,ANEKS KUCHENNY,,razem,,,,
Warszawa,Śródmieście,,695000.0,18289.47,38.0,2.0,38.0,2.0,5.0,,wtórny,WŁASNOŚĆ,3 lipca 2020,29 czerwca 2020,,1911.0,,,,,CEGŁA,BARDZO DOBRY,,ODDZIELNA,1.0,,,,,
Warszawa,Mokotów,Woronicza Jana Pawła,998000.0,19192.31,52.0,2.0,,0.0,5.0,1.0,wtórny,WŁASNOŚĆ,2 lipca 2020,1 lipca 2020,APARTAMENTOWIEC,2014.0,,,300.0,,,WYSOKI STANDARD,,OTWARTA,,,,,1.0,1.0
Warszawa,Bemowo,,595000.0,10438.6,57.0,2.0,57.0,2.0,3.0,,wtórny,,2020-07-08,6 lipca 2020,,2000.0,,,,,,,,,,,,,,
Warszawa,Wola,Czorsztyńska,570000.0,11642.16,48.96,2.0,48.96,1.0,2.0,,wtórny,WŁASNOŚĆ,2020-07-08,wczoraj,NISKI BLOK,1954.0,,,,,,,,ODDZIELNA,1.0,,,,,
Warszawa,Targówek,Palestyńska,448000.0,8421.05,53.2,2.0,,0.0,3.0,,wtórny,,3 lipca 2020,23 czerwca 2020,,,,,,,,,,,,,,,,
Warszawa,Bemowo,Batalionów Chłopskich,520000.0,8851.06,58.75,3.0,58.75,1.0,4.0,1.0,wtórny,WŁASNOŚĆ,2020-07-08,6 lipca 2020,BLOK MIESZKALNY,,,,,,MIESZANA,W BUDOWIE,,,,,,,,
Warszawa,Wilanów,,615000.0,15185.19,40.5,2.0,40.5,0.0,4.0,,wtórny,WŁASNOŚĆ,30 czerwca 2020,29 czerwca 2020,APARTAMENTOWIEC,2020.0,,,,,,DO WPROWADZENIA,,,,,,,,
Warszawa,Ursynów,Teligi,545000.0,9732.14,56.0,3.0,56.0,8.0,10.0,1.0,wtórny,SPÓŁDZIELCZA WŁASNOŚCIOWA BEZ KW,2020-07-08,wczoraj,BLOK MIESZKALNY,1980.0,,,,,RAMA H,NORMALNY,,KUCHNIA ZAMYKANA Z OKNEM,,,,,,
Warszawa,Wola,Grzybowska,575000.0,11979.17,48.0,3.0,48.0,10.0,11.0,,wtórny,SPÓŁDZIELCZE WŁASNOŚCIOWE Z KW,2020-07-07,3 lipca 2020,MIESZKALNO-BIUROWY,,,,,,,WYSOKI STANDARD,,,,,,,,
Warszawa,Wilanów,Rumiana,665000.0,12547.17,53.0,2.0,53.0,0.0,2.0,,wtórny,,30 czerwca 2020,30 czerwca 2020,DOM WIELORODZINNY,2000.0,,,,,,,,,,,,,,
Warszawa,Mokotów,Bokserska,786716.0,8777.37,89.63,4.0,89.63,2.0,10.0,1.0,pierwotny,,1 lipca 2020,1 lipca 2020,APARTAMENTOWIEC,2021.0,,,,,,,,,,,,,,
Warszawa,Mokotów,Cybernetyki,640000.0,11188.81,57.2,3.0,57.2,0.0,7.0,,wtórny,WŁASNOŚĆ,5 lipca 2020,2 lipca 2020,BLOK MIESZKALNY,2020.0,,,275.0,,MIESZANA,DEWELOPERSKI,,,,,,,,
Warszawa,Bielany,Żeromskiego,620000.0,10197.37,60.8,2.0,60.8,8.0,12.0,1.0,wtórny,WŁASNOŚĆ,29 czerwca 2020,29 czerwca 2020,WIEŻOWIEC,2002.0,,,270.0,,TECHN. MIESZANA,ŚREDNI,,WIDNA,1.0,,8.2,5.7,,
Warszawa,Białołęka,Talarowa,574000.0,8527.71,67.31,4.0,67.31,2.0,3.0,1.0,wtórny,WŁASNOŚĆ,2020-07-08,1 lipca 2020,BLOK MIESZKALNY,,,,260.0,,MIESZANA,DEWELOPERSKI,,,,,,,,
Warszawa,Praga-Południe,Hetmańska,415000.0,11216.22,37.0,2.0,37.0,1.0,3.0,1.0,wtórny,WŁASNOŚĆ,2020-07-08,6 lipca 2020,NISKI BLOK,1999.0,,,,,,,,ANEKS KUCHENNY,1.0,,,,,
Warszawa,Służewiec,Taśmowa,573800.0,10000.0,57.38,2.0,57.38,1.0,6.0,1.0,wtórny,WŁASNOŚĆ,25 czerwca 2020,24 czerwca 2020,APARTAMENTOWIEC,2020.0,,,265.0,,ZRÓŻNICOWANY,DO WYKOŃCZENIA,1.0,WIDNA,,razem,,,,
Warszawa,Mokotów,Ludwiga van Beethovena,500000.0,10416.67,48.0,2.0,48.0,0.0,5.0,1.0,pierwotny,,6 lipca 2020,6 lipca 2020,,2020.0,,,,,,,,,,,,,,
Warszawa,Bielany,Tczewska,780000.0,14145.81,55.14,2.0,55.14,2.0,4.0,,wtórny,,2020-07-07,wczoraj,APARTAMENTOWIEC,2010.0,,,,,CEGŁA,,,,,,,,,
Warszawa,Targówek,,495000.0,8684.21,57.0,3.0,57.0,0.0,3.0,,wtórny,WŁASNOŚĆ,2020-07-07,wczoraj,,2005.0,,,,,CEGŁA,DOBRY,,ANEKS KUCHENNY,1.0,,,,,
Warszawa,Mokotów,,599000.0,8808.82,68.0,4.0,68.0,0.0,10.0,1.0,wtórny,WŁASNOŚĆ,1 lipca 2020,24 czerwca 2020,BLOK,1975.0,,,,,WIELKA PŁYTA,,,,,,,,,
Warszawa,Służew,Wita Stwosza,610000.0,16486.49,37.0,1.0,37.0,2.0,,,wtórny,WŁASNOŚĆ,2020-07-07,25 czerwca 2020,APARTAMENTOWIEC,2015.0,,,,,CEGŁA,WYSOKI STANDARD,,,1.0,,,,,
Warszawa,Grochów,Nasielska,825000.0,11209.24,73.6,3.0,,2.0,4.0,1.0,wtórny,WŁASNOŚĆ,28 czerwca 2020,28 czerwca 2020,APARTAMENTOWIEC,2013.0,,,273.0,,,BARDZO DOBRY,,OSOBNA,,razem,,,1.0,
Warszawa,Praga-Północ,,403000.0,11194.44,36.0,1.0,36.0,1.0,4.0,,wtórny,WŁASNOŚĆ,6 lipca 2020,29 czerwca 2020,,1914.0,,,,,CEGŁA,DOBRY,,ANEKS KUCHENNY,2.0,,,,,
Warszawa,Praga-Północ,Białostocka,454528.0,10600.0,42.88,2.0,42.88,1.0,4.0,1.0,pierwotny,,6 lipca 2020,6 lipca 2020,,2021.0,,,,,,,1.0,,,,,,,
Warszawa,Praga-Południe,Spalinowa,794970.0,11000.0,72.27,4.0,72.27,3.0,3.0,1.0,wtórny,,29 czerwca 2020,26 czerwca 2020,APARTAMENTOWIEC,2021.0,,,,0.0,,STAN DEWELOPERSKI,,ANEKS,1.0,,,,,
Warszawa,Śródmieście,,780000.0,13928.57,56.0,3.0,56.0,0.0,,,wtórny,,1 lipca 2020,26 czerwca 2020,,,,,,,,PO REMONCIE,,,,,,,,
Warszawa,Śródmieście,,841269.0,12057.75,69.77,3.0,69.77,2.0,9.0,1.0,pierwotny,,29 czerwca 2020,29 czerwca 2020,BLOK MIESZKALNY,2021.0,,,,,,,2.0,,,,,,,
Warszawa,Wola,Wolska,405000.0,10657.89,38.0,2.0,38.0,2.0,6.0,1.0,wtórny,WŁASNOŚĆ,2020-07-07,29 czerwca 2020,NISKI BLOK,1960.0,,,250.0,,,DOBRY,,,,,,,,
Warszawa,Włochy,Krańcowa,760000.0,10416.67,72.96,3.0,72.0,3.0,3.0,1.0,wtórny,,6 lipca 2020,6 lipca 2020,APARTAMENTOWIEC,2014.0,,,,,,,2.0,,,,,,,
Warszawa,Wawer,Pomiechowska,850000.0,6071.43,140.0,4.0,140.0,1.0,2.0,,wtórny,,23 czerwca 2020,24 czerwca 2020,BLOK,1999.0,,,,,,BARDZO DOBRY,,,,,,,,
Warszawa,Olszynka Grochowska,Grochowska,435000.0,8841.46,49.2,3.0,49.2,3.0,4.0,,wtórny,SPÓŁDZIELCZE WŁASNOŚCIOWE,2020-07-07,26 czerwca 2020,NISKI BLOK,1960.0,,,,,,DOBRY,,Z OKNEM,,,,,,
Warszawa,Sady Żoliborskie,Elbląska,499000.0,10395.83,48.0,3.0,48.0,0.0,10.0,0.0,wtórny,SPÓŁDZIELCZE-WŁASNOŚCIOWE Z KW,6 lipca 2020,5 lipca 2020,BLOK,1970.0,,,245.0,,WIELKA PŁYTA,,,OSOBNA,,razem,,,,
Warszawa,Bródno,Krasiczyńska,315000.0,10862.07,29.0,1.0,29.0,9.0,10.0,1.0,wtórny,ODRĘBNA WŁASNOŚĆ LOKALU,3 lipca 2020,30 czerwca 2020,BLOK,,,,,,,DO GENERALNEGO REMONTU,,ODDZIELNA WIDNA,,,3.0,,,
Warszawa,Ursynów,Wokalna,596000.0,9675.32,61.6,3.0,61.6,2.0,7.0,1.0,wtórny,HIPOTECZNE,2 lipca 2020,1 lipca 2020,BLOK,1980.0,,,260.0,,WIELKA PŁYTA,DO REMONTU,2.0,WIDNA,,,3.0,,,
Warszawa,Ursynów,,510000.0,8644.07,59.0,3.0,59.0,0.0,,,pierwotny,WŁASNOŚĆ,2020-07-07,5 lipca 2020,,2022.0,,,,,MIESZANY,DEWELOPERSKI,,ANEKS KUCHENNY,2.0,,,,,
Warszawa,Stare Miasto,Krakowskie Przedmieście,850000.0,15315.32,55.5,2.0,55.5,0.0,3.0,,wtórny,,2 lipca 2020,2 lipca 2020,KAMIENICA,1920.0,,,,,CEGŁA,,,,,,,,,
Warszawa,Białołęka,Łopianowa,540750.0,7880.36,68.62,4.0,68.62,2.0,5.0,1.0,pierwotny,,2020-07-08,3 lipca 2020,,2022.0,,,,,,,,,,,,,,
Warszawa,Śródmieście,Długa,640000.0,14883.72,43.0,2.0,43.0,,4.0,1.0,wtórny,SPÓŁDZIELCZE WŁASNOŚCIOWE,2020-07-07,4 lipca 2020,NISKI BLOK,1961.0,,,275.0,,CEGŁA,DO REMONTU,,ODDZIELNA,,,,,,
Warszawa,Wola,Stańczyka,599000.0,12782.76,46.86,3.0,46.86,13.0,14.0,1.0,wtórny,,25 czerwca 2020,25 czerwca 2020,BLOK MIESZKALNY,2019.0,,,,,,,2.0,,,,,,,
Warszawa,Śródmieście,Andersa,750000.0,18987.34,39.5,2.0,39.5,1.0,8.0,1.0,wtórny,WŁASNOŚĆ,3 lipca 2020,24 czerwca 2020,KAMIENICA,1955.0,,,300.0,,CEGŁA,WYSOKI STANDARD,,,,,,,,
Warszawa,Żerań,Kowalczyka,372000.0,12400.0,30.0,1.0,30.0,1.0,6.0,1.0,wtórny,WŁASNOŚĆ,2020-07-08,2 lipca 2020,NISKI WIELORODZINNY,2014.0,,,,,CEGŁA,WYSOKI STANDARD,,ODDZIELNA,,,,,,
Warszawa,Wilanów,Sarmacka,619000.0,11679.25,53.0,2.0,53.0,2.0,4.0,1.0,wtórny,HIPOTECZNE,30 czerwca 2020,30 czerwca 2020,APARTAMENTOWIEC,2010.0,,,260.0,,PUSTAK,DO ZAMIESZKANIA,1.0,ANEKS,,razem,6.0,,,
Warszawa,Białołęka,,370000.0,8043.48,46.0,2.0,46.0,1.0,2.0,,wtórny,WŁASNOŚĆ,6 lipca 2020,3 lipca 2020,,2019.0,,,,,MIESZANY,DOBRY,,"JASNA, ODDZIELNA",1.0,,,,,
Warszawa,Mokotów,Bokserska,593000.0,9983.16,59.4,3.0,59.4,3.0,10.0,1.0,pierwotny,,2020-07-08,24 czerwca 2020,,2021.0,,,,,,,,,,,,,,
Warszawa,Wola,Sowińskiego,749000.0,12065.08,62.08,3.0,62.08,4.0,10.0,,wtórny,WŁASNOŚĆ,5 lipca 2020,24 czerwca 2020,BLOK MIESZKALNY,2014.0,,,280.0,,WIELKA PŁYTA,WYSOKI STANDARD,,,,,,,,
Warszawa,Wola,Wolska,239000.0,16414.84,14.56,1.0,14.56,5.0,10.0,,wtórny,WŁASNOŚĆ,2020-07-08,6 lipca 2020,BLOK MIESZKALNY,2010.0,,,,,MIESZANA,NORMALNY,,,,,,,,
Warszawa,Żoliborz,,360000.0,14400.0,25.0,1.0,25.0,11.0,,,wtórny,ODRĘBNA WŁASNOŚĆ LOKALU,4 lipca 2020,4 lipca 2020,BLOK,1980.0,,,255.0,,,ODNOWIONE,,JASNA Z OKNEM,,razem,,,,
Warszawa,Praga-Północ,Białostocka,519000.0,9980.77,52.0,4.0,52.0,3.0,,,wtórny,,27 czerwca 2020,27 czerwca 2020,,,,,,,,,,,,,,,,
Warszawa,Żerań,Marywilska 62,454674.0,6889.0,66.0,3.0,66.0,3.0,,,pierwotny,,6 lipca 2020,21 lutego 2020,,2021.0,RONSON DEVELOPMENT SP. Z O.O.,Miasto Moje,,,,,,,,,,,,
Warszawa,Żerań,Marywilska 62,443133.0,7145.0,62.02,3.0,62.02,3.0,,1.0,pierwotny,,6 lipca 2020,21 lutego 2020,,2021.0,RONSON DEVELOPMENT SP. Z O.O.,Miasto Moje,,,,,,,,,4.45,,,
Warszawa,Praga-Południe,Stanów Zjednoczonych,580000.0,12608.7,46.0,2.0,46.0,9.0,10.0,1.0,wtórny,WŁASNOŚĆ,2020-07-08,26 czerwca 2020,WIEŻOWIEC,1965.0,,,,,,,,OTWARTA,1.0,,,,,
Warszawa,Sadyba,Powsińska,483000.0,8927.91,54.1,3.0,54.1,4.0,4.0,1.0,wtórny,WŁASNOŚĆ,3 lipca 2020,24 czerwca 2020,BLOK,1969.0,,,250.0,,PŁYTA,DO ODŚWIEŻENIA,,WIDNA,,razem,,2.9,,
Warszawa,Śródmieście,Lwowska,739500.0,16976.58,43.56,3.0,43.56,1.0,7.0,,wtórny,WŁASNOŚĆ,3 lipca 2020,3 lipca 2020,KAMIENICA,,,,,,CEGŁA,PO REMONCIE,,,,,,,,
Warszawa,Targówek,,549000.0,9981.82,55.0,3.0,55.0,6.0,7.0,,wtórny,WŁASNOŚĆ,23 czerwca 2020,23 czerwca 2020,,1977.0,,,,,,BARDZO DOBRY,,ODDZIELNA WIDNA,1.0,,2.2,,,
Warszawa,Ursus,Dzieci Warszawy,439000.0,9164.93,47.9,3.0,47.9,4.0,,1.0,wtórny,WŁASNOŚĆ,2020-07-08,2 lipca 2020,BLOK MIESZKALNY,,,,265.0,,MIESZANA,DEWELOPERSKI,,,,,,,,
Warszawa,Żerań,Marywilska 62,524566.0,6708.0,78.2,3.0,78.2,2.0,,1.0,pierwotny,,6 lipca 2020,21 lutego 2020,,2021.0,RONSON DEVELOPMENT SP. Z O.O.,Miasto Moje,,,,,,,,,7.89,,,
Warszawa,Żerań,Marywilska 62,466783.0,7199.0,64.84,3.0,64.84,4.0,,1.0,pierwotny,,6 lipca 2020,21 lutego 2020,,2021.0,RONSON DEVELOPMENT SP. Z O.O.,Miasto Moje,,,,,,,,,10.61,,,
Warszawa,Koło,Sitnika,467000.0,13654.97,34.2,2.0,34.2,2.0,3.0,,wtórny,HIPOTECZNE,2020-07-07,wczoraj,BLOK,1960.0,,,266.0,,CEGŁA,BARDZO DOBRY,1.0,CIEMNA,,razem,,,,
Warszawa,Włochy,Zapusta,865000.0,6577.95,131.5,6.0,131.5,6.0,6.0,1.0,wtórny,WŁASNOŚĆ,5 lipca 2020,5 lipca 2020,BLOK,1998.0,,,280.0,,INNA,,,OTWARTA,,,,,,
Warszawa,Mokotów,"Pułku AK ""Waligóra""",480000.0,12972.97,37.0,2.0,37.0,1.0,3.0,1.0,wtórny,SPÓŁDZIELCZE WŁASNOŚCIOWE Z KW,2020-07-07,24 czerwca 2020,APARTAMENTOWIEC,2016.0,,,,,,BARDZO WYSOKI STANDARD,,Z OKNEM,,,,,,
Warszawa,Bielany,Tomasza Nocznickiego,235000.0,13823.53,17.0,1.0,17.0,1.0,4.0,0.0,wtórny,,2020-07-07,7 lipca 2020,NISKI BLOK,1968.0,,,,0.0,,DO REMONTU KAPITALNEGO,,ANEKS,1.0,,,,,
Warszawa,Grochów,Wojciecha Chrzanowskiego,339000.0,9237.06,36.7,1.0,36.7,3.0,4.0,,wtórny,WŁASNOŚĆ,6 lipca 2020,29 czerwca 2020,BLOK,,,,,,BETON,BARDZO DOBRY,,,,,,,,
Warszawa,Białołęka,Starowiślna,615000.0,10581.56,58.12,3.0,58.12,5.0,6.0,,wtórny,WŁASNOŚĆ,1 lipca 2020,26 czerwca 2020,NISKI BLOK,2020.0,,,270.0,,CEGŁA,BARDZO WYSOKI STANDARD,,ANEKS KUCHENNY,1.0,,,,,
Warszawa,Żoliborz,Krasińskiego,640000.0,13333.33,48.0,3.0,48.0,3.0,3.0,1.0,wtórny,SPÓŁDZIELCZE WŁASNOŚCIOWE Z KW,2020-07-08,2 lipca 2020,NISKI BLOK,1970.0,,,,,CEGŁA,DOBRY,,Z OKNEM,,,,,,
Warszawa,Zawady,,600000.0,9768.8,61.42,3.0,61.42,2.0,2.0,,wtórny,,3 lipca 2020,3 lipca 2020,APARTAMENTOWIEC,2015.0,,,,,,,,,,,,,,
Warszawa,Praga-Południe,Serocka,838000.0,9858.82,85.0,4.0,85.0,3.0,,1.0,wtórny,,1 lipca 2020,1 lipca 2020,,2002.0,,,,,,,,,,,,,,
Warszawa,Grochów,Prochowa,590000.0,7515.92,78.5,4.0,78.5,3.0,4.0,1.0,wtórny,WŁASNOŚĆ,2020-07-08,1 lipca 2020,NISKI BLOK,1999.0,,,265.0,,CEGŁA,,,Z OKNEM,1.0,razem,4.0,3.0,,
Warszawa,Szczęśliwice,Włodarzewska,699000.0,11650.0,60.0,2.0,60.0,0.0,4.0,,wtórny,SPÓŁDZIELCZE WŁASNOŚCIOWE,2020-07-07,wczoraj,,2000.0,,,,,,DOBRY,,ODDZIELNA,1.0,,,,,
Warszawa,Grochów,,680000.0,8552.38,79.51,4.0,79.51,0.0,3.0,,wtórny,WŁASNOŚĆ,2 lipca 2020,2 lipca 2020,KAMIENICA,1962.0,,,,,CEGŁA,,,,,,,,,
Warszawa,Białołęka,Mehoffera,308000.0,8815.11,34.94,2.0,34.94,1.0,3.0,1.0,pierwotny,,2020-07-08,wczoraj,,2022.0,,,,,,,,,,,,,,
Warszawa,Bielany,,600000.0,9230.77,65.0,3.0,65.0,4.0,6.0,1.0,wtórny,SPÓŁDZIELCZE WŁASNOŚCIOWE Z KW,2020-07-08,29 czerwca 2020,BLOK,,,,,,,DO ODNOWIENIA,2.0,"Z OKNEM, ODDZIELNA",,razem,,,,
Warszawa,Służew,Bacha,455000.0,9934.5,45.8,2.0,45.8,10.0,10.0,1.0,wtórny,SPÓŁDZIELCZE + KW,30 czerwca 2020,29 czerwca 2020,BLOK,1976.0,,,250.0,,RAMA H,DO ODŚWIEŻENIA,,WIDNA,,razem,,,,
Warszawa,Bemowo,Karabeli,420000.0,8936.17,47.0,2.0,47.0,4.0,4.0,1.0,wtórny,SPÓŁDZIELCZE WŁASNOŚCIOWE Z KW,2020-07-08,24 czerwca 2020,NISKI BLOK,1980.0,,,260.0,,,DOBRY,,Z OKNEM,1.0,,,,,
Warszawa,Praga-Południe,,649500.0,9278.57,70.0,3.0,70.0,3.0,4.0,,wtórny,SPÓŁ. WŁASNOŚCIOWE Z KW,6 lipca 2020,29 czerwca 2020,,1992.0,,,,,PŁYTA,BARDZO DOBRY,,"JASNA, ODDZIELNA",1.0,,,,,
Warszawa,Mokotów,Nowotarska,380000.0,11875.0,32.0,1.0,32.0,1.0,3.0,,wtórny,,3 lipca 2020,3 lipca 2020,,1938.0,,,,,,,,,,,,,,
Warszawa,Białołęka,Myśliborska,405900.0,7500.0,54.12,2.0,54.12,3.0,3.0,0.0,wtórny,WŁASNOŚĆ,24 czerwca 2020,24 czerwca 2020,APARTAMENTOWIEC,2020.0,,,300.0,13.8,CEGŁA,,,ANEKS,1.0,razem,,,,
Warszawa,Śródmieście,,979615.0,14255.17,68.72,3.0,68.72,9.0,9.0,,pierwotny,,2020-07-07,wczoraj,BLOK MIESZKALNY,2021.0,,,,,,,2.0,,,,,,,
Warszawa,Białołęka,Podłużna,424000.0,7438.6,57.0,3.0,57.0,2.0,2.0,1.0,wtórny,PEŁNA WŁASNOŚĆ (HIPOTECZNE),26 czerwca 2020,26 czerwca 2020,,2010.0,,,,,,,,,1.0,osobno,,,,
Warszawa,Żoliborz,,435000.0,14500.0,30.0,3.0,30.0,0.0,3.0,,wtórny,ODRĘBNA WŁASNOŚĆ LOKALU,6 lipca 2020,6 lipca 2020,BLOK,2020.0,,,290.0,,CEGŁA,ODNOWIONE,,,,,,,,
Warszawa,Praga-Północ,,488000.0,11090.91,44.0,2.0,44.0,4.0,7.0,1.0,pierwotny,,2020-07-07,25 czerwca 2020,APARTAMENTOWIEC,2022.0,,,,,,,1.0,,,,,,,
Warszawa,Śródmieście,,884900.0,14272.58,62.0,2.0,62.0,3.0,6.0,,wtórny,WŁASNOŚĆ,3 lipca 2020,1 lipca 2020,,,,,,,,DOBRY,,"JASNA, ODDZIELNA",2.0,,,,,
Warszawa,Wesoła,Mazowiecka,699999.0,8536.57,82.0,3.0,82.0,3.0,3.0,,wtórny,,2020-07-07,wczoraj,BLOK MIESZKALNY,2012.0,,,,,,,,,,,,,,
Warszawa,Włochy,ks. Juliana Chrościckiego,455000.0,10073.06,45.17,2.0,45.17,1.0,5.0,1.0,wtórny,WŁASNOŚĆ,2020-07-08,25 czerwca 2020,NISKI BLOK,2015.0,,,,,,,,OTWARTA,1.0,,,,,
Warszawa,Praga-Południe,Waszyngtona,600000.0,14970.06,40.08,2.0,40.08,0.0,5.0,,wtórny,WŁASNOŚĆ,2020-07-08,26 czerwca 2020,WIEŻOWIEC,1936.0,,,,,,,,,,,,,,
Warszawa,Włochy,Bakalarska,532350.0,10497.93,50.71,2.0,50.71,3.0,8.0,1.0,pierwotny,,25 czerwca 2020,25 czerwca 2020,APARTAMENTOWIEC,2021.0,,,,,,,,,,,,,,
Warszawa,Mokotów,Padewska,725000.0,12719.3,57.0,3.0,57.0,2.0,2.0,1.0,wtórny,,2020-07-07,6 lipca 2020,NISKI BLOK,1961.0,,,265.0,0.0,,BARDZO DOBRY,,ANEKS,2.0,,,,,
Warszawa,Ochota,,319900.0,11327.9,28.24,1.0,28.24,3.0,10.0,1.0,wtórny,SPÓŁDZIELCZE WŁASNOŚCIOWE Z KW,2020-07-08,4 lipca 2020,WIEŻOWIEC,1974.0,,,,,WIELKA PŁYTA,DOBRY,,ANEKS KUCHENNY,1.0,,,,,
Warszawa,Mokotów,,440000.0,10419.13,42.23,2.0,42.23,1.0,10.0,,wtórny,SPÓŁDZIELCZE WŁASNOŚCIOWE,6 lipca 2020,6 lipca 2020,,1974.0,,,,,,,,,,,,,,
Warszawa,Muranów,,559000.0,13975.0,40.0,1.0,40.0,3.0,7.0,1.0,wtórny,WŁASNOŚĆ,3 lipca 2020,29 czerwca 2020,APARTAMENTOWIEC,2010.0,,,275.0,,CERAMIKA,BARDZO DOBRY,1.0,WIDNA,,razem,3.0,,,
Warszawa,Bemowo,,485000.0,12125.0,40.0,2.0,40.0,0.0,,,wtórny,,4 lipca 2020,4 lipca 2020,APARTAMENTOWIEC,2008.0,,,,,,DO WPROWADZENIA,,,,,,,,
Warszawa,Ursus,Apartamentowa,550000.0,9417.81,58.4,2.0,58.4,2.0,4.0,1.0,wtórny,WŁASNOŚĆ,2020-07-08,2 lipca 2020,NISKI BLOK,2003.0,,,,,CEGŁA,,,ANEKS KUCHENNY,,,,,,
Warszawa,Praga-Północ,Białostocka,628000.0,8103.23,77.5,4.0,77.5,8.0,10.0,1.0,wtórny,,2 lipca 2020,2 lipca 2020,BLOK MIESZKALNY,1981.0,,,,,,,,,,,,,,
Warszawa,Białołęka,Talarowa,250000.0,9712.51,25.74,1.0,25.74,0.0,3.0,,wtórny,WŁASNOŚĆ,2020-07-08,30 czerwca 2020,BLOK MIESZKALNY,,,,,,MIESZANA,W BUDOWIE,,,,,,,,
Warszawa,Stary Mokotów,Jarosława Dąbrowskiego,410000.0,13225.81,31.0,1.0,31.0,3.0,3.0,,wtórny,SPÓŁDZIELCZE WŁASNOŚCIOWE,29 czerwca 2020,29 czerwca 2020,KAMIENICA,1949.0,,,,,CEGŁA,WYSOKI STANDARD,,ODDZIELNA,1.0,,,,,
Warszawa,Żoliborz,Krasińskiego,409000.0,10763.16,38.0,2.0,38.0,2.0,10.0,1.0,wtórny,,4 lipca 2020,29 czerwca 2020,,1970.0,,,,,,,1.0,,,,,,,
Warszawa,Bemowo,,446000.0,10619.05,42.0,2.0,42.0,3.0,,,wtórny,,26 czerwca 2020,26 czerwca 2020,BLOK,2009.0,,,,,,DO WPROWADZENIA,,,,,,,,
Warszawa,Wola,Żelazna,713000.0,10185.71,70.0,4.0,70.0,0.0,4.0,,wtórny,WŁASNOŚĆ,2020-07-08,2 lipca 2020,KAMIENICA,1965.0,,,480.0,,CEGŁA,WYSOKI STANDARD,,ODDZIELNA,,,,,,
Warszawa,Saska Kępa,,535000.0,9553.57,56.0,4.0,56.0,4.0,4.0,,wtórny,SPÓŁDZIELCZE WŁASNOŚCIOWE,2020-07-07,24 czerwca 2020,BUDYNEK WIELORODZINNY,1973.0,,,260.0,,MIESZANA,DO ODŚWIEŻENIA,4.0,JASNA Z OKNEM,1.0,,3.0,4.0,,
Warszawa,Włochy,,650000.0,10000.0,65.0,3.0,65.0,0.0,5.0,,wtórny,WŁASNOŚĆ,2020-07-08,29 czerwca 2020,BLOK,2017.0,,,,,CEGŁA,DOBRY,2.0,"W ANEKSIE, Z WYPOSAŻENIEM, W ZABUDOWIE",,osobno,54.0,,,
Warszawa,Ursynów,,779000.0,11455.88,68.0,3.0,68.0,7.0,8.0,,wtórny,WŁASNOŚĆ,3 lipca 2020,25 czerwca 2020,,2007.0,,,,,CEGŁA,BARDZO DOBRY,,PÓŁOTWARTA,1.0,,,,,
Warszawa,Wilanów,Sarmacka,950000.0,10795.45,88.0,3.0,,3.0,3.0,,wtórny,WŁASNOŚĆ,29 czerwca 2020,29 czerwca 2020,APARTAMENTOWIEC,2006.0,,,285.0,,,DOBRY,,OTWARTA,,razem,,,,
Warszawa,Praga-Północ,,600000.0,9375.0,64.0,3.0,64.0,2.0,4.0,1.0,pierwotny,,1 lipca 2020,1 lipca 2020,APARTAMENTOWIEC,2022.0,,,,,,,,,,,,,,
Warszawa,Wilanów,Syta,538000.0,9486.86,56.71,3.0,56.71,1.0,2.0,1.0,wtórny,WŁASNOŚĆ,2020-07-08,30 czerwca 2020,DOM MIESZKALNY,,,,,,MIESZANA,W BUDOWIE,,,,,,,,
Warszawa,Białołęka,Aluzyjna,385000.0,8297.41,46.4,2.0,46.4,6.0,6.0,1.0,pierwotny,,24 czerwca 2020,24 czerwca 2020,,2020.0,,,,,,,,,,,,,,
Warszawa,Wawer,,577500.0,7700.0,75.0,3.0,75.0,0.0,,,pierwotny,,22 czerwca 2020,24 czerwca 2020,APARTAMENTOWIEC,2020.0,,,,,PUSTAK,DEWELOPERSKI,,,,,,,,
Warszawa,Marysin Wawerski,Bychowska,849000.0,7934.58,107.0,4.0,107.0,1.0,2.0,1.0,wtórny,WŁASNOŚĆ,3 lipca 2020,1 lipca 2020,APARTAMENTOWIEC,1997.0,,,265.0,,CEGŁA,WYSOKI STANDARD,,ODDZIELNA,2.0,,,,,
Warszawa,Bemowo,Batalionów Chłopskich,550900.0,9353.14,58.9,3.0,58.9,1.0,4.0,1.0,wtórny,,23 czerwca 2020,23 czerwca 2020,BLOK MIESZKALNY,2022.0,,,,,,,,,,,,,,
Warszawa,Bemowo,,736800.0,9651.56,76.34,4.0,76.34,4.0,4.0,1.0,pierwotny,,3 lipca 2020,3 lipca 2020,,2022.0,,,,,,,,,,,,,,
Warszawa,Służewiec,Cybernetyki,586698.0,11450.0,51.24,3.0,51.24,1.0,6.0,1.0,wtórny,WŁASNOŚĆ,25 czerwca 2020,24 czerwca 2020,BLOK,2020.0,,,265.0,,ZRÓŻNICOWANY,DO WYKOŃCZENIA,2.0,ANEKS,,,6.0,,,
Warszawa,Śródmieście,Noakowskiego,875000.0,14227.64,61.5,2.0,61.5,3.0,7.0,,wtórny,,6 lipca 2020,6 lipca 2020,KAMIENICA,1912.0,,,,,,,1.0,,,,,,,
Warszawa,Bemowo,Batalionów Chłopskich,605000.0,9957.21,60.76,3.0,60.76,4.0,4.0,1.0,wtórny,WŁASNOŚĆ,3 lipca 2020,24 czerwca 2020,BLOK MIESZKALNY,,,,260.0,,MIESZANA,DEWELOPERSKI,,,,,,,,
Warszawa,Ursynów,,850000.0,10240.96,83.0,3.0,83.0,4.0,4.0,,wtórny,SPÓŁ. WŁASNOŚCIOWE Z KW,3 lipca 2020,23 czerwca 2020,,2007.0,,,,,CEGŁA,BARDZO DOBRY,,ODDZIELNA,1.0,,,,,
Warszawa,Bemowo,,945000.0,12193.55,77.5,3.0,77.5,5.0,5.0,1.0,wtórny,SPÓŁDZIELCZE WŁ. Z KW,6 lipca 2020,6 lipca 2020,APARTAMENTOWIEC,,,,,,,BARDZO DOBRY,,,,,6.0,,,
Warszawa,Mokotów,,740000.0,12982.46,57.0,3.0,57.0,3.0,6.0,,wtórny,WŁASNOŚĆ,3 lipca 2020,2 lipca 2020,,2019.0,,,,,,BARDZO DOBRY,,ANEKS KUCHENNY,1.0,,,,,
Warszawa,Śródmieście,Jana Pawła II,599000.0,12479.17,48.0,2.0,48.0,7.0,15.0,,wtórny,SPÓŁDZIELCZE WŁASNOŚCIOWE,26 czerwca 2020,26 czerwca 2020,,,,,,,,WYSOKI STANDARD,,ANEKS KUCHENNY,,,,,,
Warszawa,Ursynów,Komisji Edukacji Narodowej,835000.0,11827.2,70.6,3.0,70.6,2.0,8.0,1.0,wtórny,WŁASNOŚĆ,2020-07-08,2 lipca 2020,WIEŻOWIEC,2005.0,,,270.0,,,,,ANEKS KUCHENNY,1.0,,,,,
Warszawa,Ursynów,,530000.0,11041.67,48.0,2.0,48.0,9.0,10.0,,wtórny,,1 lipca 2020,1 lipca 2020,WIEŻOWIEC,1979.0,,,,,WIELKA PŁYTA,WYSOKI STANDARD,,BEZ OKNA,1.0,,,,,
