;Unnamed: 0;Lp;ID;url;title;rooms;price;price_m2;area;loc
1;1;2;41amC;https://www.otodom.pl/oferta/port-67-ID41amC.html#c89760baae;Port 67;3;;;66.93;Praga-Północ
128;128;131;44roG;https://www.otodom.pl/oferta/kompaktowe-mieszkanie-wiele-mozliwosci-aranzacji-ID44roG.html#1fa0ab5241;Kompaktowe mieszkanie - wiele możliwości aranżacji;2;375000.0;7813.0;48.0;Ursus
199;199;204;3PyWy;https://www.otodom.pl/oferta/apartament-z-5-sypialniami-i-oranzeria-na-powislu-ID3PyWy.html#2a80e35130;Apartament z 5 sypialniami i oranżerią na Powiślu;8;3990000.0;18783.0;212.43;Śródmieście, Powiśle
205;205;210;44pe1;https://www.otodom.pl/oferta/prestizowy-apartament-na-warszawskim-mokotowie-ID44pe1.html#2a80e35130;Prestiżowy apartament na warszawskim Mokotowie;2;1149000.0;17677.0;65.0;Mokotów
214;214;219;44mcg;https://www.otodom.pl/oferta/mieszkanie-w-spokojnej-okolicy-z-ogrodem-230-m2-ID44mcg.html#2a80e35130;Mieszkanie w spokojnej okolicy z ogrodem 230 m2;3;695000.0;6619.0;105.0;Białołęka
387;387;404;43K0x;https://www.otodom.pl/oferta/nowe-budownictwo-ciche-garaz-komorka-8m2-wys-3m-ID43K0x.html#53cbd01a64;Nowe budownictwo, ciche, garaż, komórka 8m2,wys.3m;3;1140000.0;12612.0;90.39;Śródmieście, Powiśle
410;410;427;30WDM;https://www.otodom.pl/oferta/75-m2-ogrodek-127-158-m2-polana-wawer-ID30WDM.html#53cbd01a64;75 m2 + ogródek 127 - 158 m2 POLANA WAWER;4;430000.0;5733.0;75.0;Wawer
460;460;477;44r2x;https://www.otodom.pl/oferta/wola-2-pokoje-2-pietro-sloneczne-nowe-okna-klepka-ID44r2x.html#042dacc228;Wola 2 pokoje 2 piętro słoneczne nowe okna klepka;2;376500.0;10000.0;37.65;Wola
473;473;490;44r1v;https://www.otodom.pl/oferta/mieszkanie-na-saskiej-kepie-z-ogrodkiem-ID44r1v.html#042dacc228;Mieszkanie na Saskiej Kępie z ogródkiem;4;1990000.0;19703.0;101.0;Praga-Południe, Saska Kępa
509;509;535;44qXx;https://www.otodom.pl/oferta/tylko-400m-do-metra-doskonala-lokalizacja-ID44qXx.html#1e93d04762;Tylko 400m do metra! Doskonała lokalizacja!;3;576000.0;9217.0;62.49;Bemowo
544;544;570;44qUK;https://www.otodom.pl/oferta/nowe-wykonczone-umeblowane-30m-od-zaraz-2019r-ID44qUK.html#1e93d04762;Nowe, wykończone, umeblowane 30m, Od Zaraz, 2019r;1;339000.0;11300.0;30.0;Białołęka
576;576;602;43yci;https://www.otodom.pl/oferta/praga-poludnie-ul-bora-komorowskiego-33-ID43yci.html#f26e73d967;Praga Południe Ul. Bora Komorowskiego 33;3;516780.0;8100.0;63.8;Praga-Południe, Gocław
581;581;607;44qSn;https://www.otodom.pl/oferta/4-pokojowe-mieszkanie-bielany-ul-klaudyny-ID44qSn.html#f26e73d967;4 pokojowe mieszkanie Bielany ul. Klaudyny;4;690000.0;9008.0;76.6;Bielany
583;583;609;44p7n;https://www.otodom.pl/oferta/prestizowy-apartament-3-pok-bezposrednio-mokotow-ID44p7n.html#f26e73d967;Prestiżowy apartament 3 pok Bezpośrednio - Mokotów;3;869000.0;13167.0;66.0;Mokotów
630;630;660;44qMl;https://www.otodom.pl/oferta/designerska-belwederska-ID44qMl.html#f26e73d967;Designerska Belwederska;3;1390000.0;12301.0;113.0;Mokotów
722;722;753;42WMQ;https://www.otodom.pl/oferta/apartament-w-moduo-2x-duze-tarasy-oddanie-styczen-ID42WMQ.html#39fa371638;Apartament w MODUO! 2x duże tarasy oddanie styczeń;4;950000.0;10363.0;91.67;Mokotów, Górny Mokotów
931;932;963;44qn0;https://www.otodom.pl/oferta/4-pokoje-targowek-ul-piotra-skargi-ID44qn0.html#d70bc61d89;4 pokoje, Targówek ul. Piotra Skargi;4;680000.0;9140.0;74.4;Targówek
970;971;1002;44qhg;https://www.otodom.pl/oferta/mieszkanie-w-kamienicy-z-50-tych-lat-ID44qhg.html#80c84d5577;Mieszkanie W Kamienicy Z 50-tych Lat;3;680000.0;11522.0;59.02;Wola
1001;1002;1033;44qf4;https://www.otodom.pl/oferta/warszawa-mokotow-ludwiga-van-beethovena-64-82m2-ID44qf4.html#80c84d5577;Warszawa, Mokotów, Ludwiga van Beethovena, 64,82m2;3;662792.0;10225.0;64.82;Mokotów
1010;1011;1042;44qec;https://www.otodom.pl/oferta/dwupokojowe-mieszkanie-na-zoliborzu-ID44qec.html#80c84d5577;Dwupokojowe mieszkanie na Żoliborzu;2;565000.0;12021.0;47.0;Żoliborz
1035;1036;1067;44qcc;https://www.otodom.pl/oferta/super-lokalizacja-300m-do-pkp-warszawa-goclawek-ID44qcc.html#e2d46d7024;Super lokalizacja, 300m. do PKP Warszawa-Gocławek!;4;677600.0;8000.0;84.7;Wawer
1147;1148;1193;44q3e;https://www.otodom.pl/oferta/bialoleka-3-pokoje-narozne-z-balkonem-61m2-ID44q3e.html#bd1b299a1d;Białołęka, 3 pokoje, Narożne z Balkonem, 61m2;3;453500.11;7393.0;61.34;Białołęka
1240;1241;1287;44pUf;https://www.otodom.pl/oferta/spokoj-w-chrzanowie-piekne-mieszkanie-ID44pUf.html#acba99669a;Spokój w Chrzanowie, piękne mieszkanie;3;577000.0;8409.0;68.62;Bemowo
1243;1244;1290;44pU6;https://www.otodom.pl/oferta/ostatnie-mieszkanie-gotowy-budynek-rabat-do31-01-ID44pU6.html#acba99669a;Ostatnie mieszkanie. Gotowy budynek. Rabat do31.01;4;606047.0;7711.0;78.6;Praga-Południe
1368;1369;1416;443cL;https://www.otodom.pl/oferta/66-5-m2-4-pokoje-ID443cL.html#3f48d0b006;66,5 m2 - 4 pokoje;4;567000.0;8526.0;66.5;Białołęka
1525;1526;1573;44pv5;https://www.otodom.pl/oferta/do-wykonczenia-zamieszkale-osiedle-z-2018-garaz-ID44pv5.html#2d8b077ac3;Do Wykończenia!Zamieszkałe osiedle z 2018! Garaż!;3;650000.0;11775.0;55.2;Żoliborz
1543;1544;1593;445zw;https://www.otodom.pl/oferta/bezposrednio-3-pok-balkon-zeran-nowe-umeblowane-ID445zw.html#473626b4ec;Bezpośrednio, 3 pok._ balkon_Żerań_nowe_umeblowane;3;489000.0;9588.0;51.0;Białołęka, Żerań
1577;1578;1627;44oEO;https://www.otodom.pl/oferta/badz-pionierem-zainwestuj-w-wyjatkowym-m-cu-ID44oEO.html#473626b4ec;Bądź Pionierem – ZAINWESTUJ w wyjątkowym m-cu;2;534000.0;12419.0;43.0;Wola
1670;1671;1721;44pej;https://www.otodom.pl/oferta/kamienica-4-min-do-metra-onz-ID44pej.html#b115e63bf8;kamienica - 4 min Do Metra Onz;3;939000.0;14905.0;63.0;Wola
1716;1717;1768;44gNY;https://www.otodom.pl/oferta/nowe-mieszkanie-58-m-3-pok-zoliborz-srodmiescie-ID44gNY.html#036c653e41;Nowe mieszkanie 58 m, 3 pok, Żoliborz/Śródmieście;3;825872.0;14200.0;58.16;Żoliborz
1735;1736;1787;43jqh;https://www.otodom.pl/oferta/okazja-apartament-mieszkalny-centrum-wawy-klima-ID43jqh.html#036c653e41;*Okazja Apartament mieszkalny, Centrum Wawy,klima;2;495000.0;10761.0;46.0;Wola
1782;1783;1837;41b6f;https://www.otodom.pl/oferta/komfortowe-mieszkanie-rondo-wiatraczna-ID41b6f.html#71c9d35cde;Komfortowe mieszkanie, Rondo Wiatraczna!;2;685000.0;11322.0;60.5;Praga-Południe, Grochów
1815;1816;1870;44p2A;https://www.otodom.pl/oferta/trzypokojowe-mieszkanie-z-ogrodkiem-ID44p2A.html#71c9d35cde;Trzypokojowe Mieszkanie Z Ogródkiem;3;614000.0;7509.0;81.77;Białołęka
1829;1830;1884;44oBT;https://www.otodom.pl/oferta/konkurencyjne-ceny-znakomita-lokalizacja-ID44oBT.html#b8e03d7e69;KONKURENCYJNE ceny_znakomita lokalizacja;3;568000.0;10923.0;52.0;Wola
1845;1846;1900;44p0y;https://www.otodom.pl/oferta/idealne-dla-rodziny-lub-jako-inwestycja-ID44p0y.html#b8e03d7e69;Idealne dla rodziny - lub jako inwestycja;4;505000.0;7891.0;64.0;Mokotów, Stegny
1919;1920;1978;44jVb;https://www.otodom.pl/oferta/warszawa-klobucka-39-57-m2-0-od-kupujacego-ID44jVb.html#8398e2b379;Warszawa, Kłobucka, 39,57 m2-0% od kupującego;2;420000.0;10614.0;39.57;Ursynów, Wyczółki
2004;2005;2065;447B8;https://www.otodom.pl/oferta/prywatnie-kw-3-pok-widna-kuchnia-cisza-metro-ID447B8.html#9baf42a8e6;Prywatnie, KW, 3 pok., widna kuchnia, cisza, metro;3;353000.0;7844.0;45.0;Targówek, Bródno
2020;2021;2081;43SJH;https://www.otodom.pl/oferta/saska-kepa-mieszkanie-z-oddzielna-kuchnia-ID43SJH.html#9baf42a8e6;Saska Kępa, mieszkanie z oddzielną kuchnią;1;520000.0;12381.0;42.0;Praga-Południe
2298;2299;2373;4393V;https://www.otodom.pl/oferta/willa-wilanow-183m2-ID4393V.html#26b537d61e;Willa Wilanów *** 183m2 ***;4;1500000.0;8197.0;183.0;Wilanów
2318;2319;2407;43z92;https://www.otodom.pl/oferta/luksusowy-apartament-w-zabytkowej-kamienicy-ID43z92.html#ffb858c66c;Luksusowy Apartament w zabytkowej kamienicy.;4;1439928.0;19999.0;72.0;Śródmieście, Stare Miasto
2357;2358;2446;43WaW;https://www.otodom.pl/oferta/mieszkanie-4-pokoje71-5m2z-klimatyzacja-i-garazem-ID43WaW.html#ffb858c66c;Mieszkanie 4 pokoje71,5m2z klimatyzacją i garażem;4;649999.0;9155.0;71.0;Ursus, Skorosze
2384;2385;2473;4471B;https://www.otodom.pl/oferta/kawalerka-pl-narutowicza-wylacznosc-ID4471B.html#ffb858c66c;Kawalerka Pl. Narutowicza Wyłączność;1;399000.0;17161.0;23.25;Ochota
2388;2389;2477;44d3H;https://www.otodom.pl/oferta/mieszkanie-154-m-warszawa-ID44d3H.html#9ff7c22b6e;Mieszkanie, 154 m², Warszawa;4;1400000.0;9091.0;154.0;Centrum
2422;2423;2511;43JuN;https://www.otodom.pl/oferta/2-pokoje-robyg-ostatnie-pietro-na-jana-kazimierza-ID43JuN.html#9ff7c22b6e;2 pokoje ROBYG ostatnie piętro na Jana Kazimierza;2;520000.0;14607.0;35.6;Wola
2621;2622;2715;42NWE;https://www.otodom.pl/oferta/trzypokoje-83-40m2-ziebicka-tylko-u-nas-0-ID42NWE.html#4f8c4853f5;#TrzyPokoje#83,40m2#Ziębicka# TYLKO U NAS!# 0%#;3;665000.0;7974.0;83.4;Bemowo
2715;2716;2812;42YPX;https://www.otodom.pl/oferta/swietne-dwa-pokoje-na-cybernetyki-ID42YPX.html#0ef426ffa9;Świetne dwa pokoje na Cybernetyki;2;590000.0;13532.0;43.6;Mokotów, Służewiec
2801;2802;2901;44m8l;https://www.otodom.pl/oferta/3-pokoje-na-ursynowie-blisko-stacji-imielin-ID44m8l.html#3594861dbb;3 pokoje na Ursynowie blisko stacji Imielin !;3;630000.0;9692.0;65.0;Ursynów
2830;2831;2932;43V6d;https://www.otodom.pl/oferta/warszawa-wilanow-wilanow-ul-aleja-wilanowska-ID43V6d.html#4ca475349c;Warszawa Wilanów, Wilanów, ul. Aleja Wilanowska;5;2300000.0;13256.0;173.5;Wilanów
2874;2875;2976;44nht;https://www.otodom.pl/oferta/nie-przegap-okazji-swietna-inwestycja-ID44nht.html#4ca475349c;Nie Przegap Okazji / Świetna Inwestycja;1;360000.0;17143.0;21.0;Śródmieście
2918;2919;3022;44e6o;https://www.otodom.pl/oferta/4-pokoje-64m-na-stegnach-ID44e6o.html#9478a89506;4 Pokoje 64m na Stegnach;4;540000.0;8438.0;64.0;Mokotów, Stegny
3046;3047;3153;43Q3S;https://www.otodom.pl/oferta/apartament-blawatkow-61m2-ID43Q3S.html#bc69bfe9a3;Apartament Bławatków 61m2;3;457500.0;7500.0;61.0;Wawer
3076;3077;3183;4409R;https://www.otodom.pl/oferta/2-pokojowe-przestronne-mieszkanie-ul-odkryta-ID4409R.html#bc69bfe9a3;2 pokojowe, przestronne mieszkanie ul. Odkryta;2;445000.0;7542.0;59.0;Białołęka
3110;3111;3225;44mZ6;https://www.otodom.pl/oferta/m2-w-inwestycji-premium-szybki-dojazd-do-centrum-ID44mZ6.html#bc69bfe9a3;M2 w inwestycji premium! Szybki dojazd do centrum!;2;362400.0;9664.0;37.5;Praga-Południe
3194;3195;3310;44mSw;https://www.otodom.pl/oferta/mieszkanie-200-m-warszawa-ID44mSw.html#5353c20e70;Mieszkanie, 200 m², Warszawa;4;2850000.0;14250.0;200.0;Mokotów
3206;3207;3322;43tF3;https://www.otodom.pl/oferta/stary-zoliborz-1-2-pokoje-arkadia-metro-ID43tF3.html#5353c20e70;Stary Żoliborz, 1/2 Pokoje, Arkadia, Metro;2;392000.0;10889.0;36.0;Żoliborz
3328;3329;3445;44mMj;https://www.otodom.pl/oferta/apartament-w-otoczeniu-zielenie-za-chwile-oddanie-ID44mMj.html#e680654759;Apartament w otoczeniu zielenie, za chwilę oddanie;4;789075.0;8750.0;90.18;Wilanów
3375;3376;3492;448R3;https://www.otodom.pl/oferta/4-pokoje-dla-rodziny-przy-metrze-natolin-ID448R3.html#d4b4a300d8;4 pokoje dla rodziny przy metrze Natolin.;4;799000.0;9378.0;85.2;Ursynów, Natolin
3484;3485;3604;44msd;https://www.otodom.pl/oferta/metro-rondo-daszynskiego-inwestycyjnie-ID44msd.html#63ca3a8c56;Metro Rondo Daszyńskiego, inwestycyjnie;3;540000.0;9643.0;56.0;Wola
3592;3593;3716;44fvZ;https://www.otodom.pl/oferta/absolutnie-nietuzinkowa-oferta-ID44fvZ.html#10bdf69484;Absolutnie Nietuzinkowa Oferta;1;1500000.0;26786.0;56.0;mazowieckie
3717;3718;3846;44lVG;https://www.otodom.pl/oferta/2-pokoje-w-ursusie-ID44lVG.html#300f02907c;2 pokoje w Ursusie;2;480000.0;9057.0;53.0;Ursus
3758;3759;3892;43eHn;https://www.otodom.pl/oferta/3-pokojowy-apartament-76-70-m2-na-saskiej-kepie-ID43eHn.html#300f02907c;3 Pokojowy Apartament 76,70 m2 Na Saskiej Kępie;3;855000.0;11147.0;76.7;Praga-Południe, Saska Kępa
3764;3765;3898;44lLv;https://www.otodom.pl/oferta/sloneczna-kawalerka-z-loggia-na-6-pietrze-ID44lLv.html#300f02907c;Słoneczna kawalerka z loggią na 6 piętrze!;1;478924.64;13610.0;35.19;Mokotów, Służewiec
3849;3850;3989;44lwf;https://www.otodom.pl/oferta/mieszkanie-2-pok-44-3-m2-srodmiescie-pld-ID44lwf.html#1af82c9a01;Mieszkanie 2 pok, 44,3 m2, Śródmieście Płd;2;695000.0;15688.0;44.3;Śródmieście, Śródmieście Północne
3929;3930;4072;440gF;https://www.otodom.pl/oferta/mieszkanie-dwupokojowe-51m2-sprzedam-ID440gF.html#8b280128f5;Mieszkanie dwupokojowe 51m2 sprzedam;2;480000.0;9412.0;51.0;Praga-Południe, Grochów
3932;3933;4075;446sK;https://www.otodom.pl/oferta/50m-do-stacji-m-wawrzyszew-3-pok-kuchnia-z-oknem-ID446sK.html#8b280128f5;50m do stacji M. Wawrzyszew, 3 pok+kuchnia z oknem;3;531000.0;9857.0;53.87;Bielany
3948;3949;4093;44lhU;https://www.otodom.pl/oferta/3-pokoje-bialoleka-ul-piasta-kolodzieja-ID44lhU.html#8b280128f5;3 pokoje, Białołęka ul Piasta Kołodzieja;3;679999.0;10000.0;68.0;Białołęka
4138;4139;4293;443q5;https://www.otodom.pl/oferta/metrounikalnemieszkanie3-5mwysokoscikamienica-ID443q5.html#cd6be4872b;METRO*UNIKALNEmieszkanie*3,5mWysokości*Kamienica*;4;1280000.0;12800.0;100.0;Praga-Północ
4162;4163;4321;44kFj;https://www.otodom.pl/oferta/3-pokoje-bialoleka-ul-pomorska-ID44kFj.html#cd6be4872b;3 pokoje, Białołęka ul Pomorska;3;560000.0;7552.0;74.15;Białołęka
4180;4181;4340;43bLo;https://www.otodom.pl/oferta/mieszkanie-49-m-warszawa-ID43bLo.html#cd6be4872b;Mieszkanie, 49 m², Warszawa;2;450000.0;9184.0;49.0;Wola
4222;4223;4385;43Sja;https://www.otodom.pl/oferta/mieszkanie-72-m-warszawa-ID43Sja.html#20ff72d9d4;Mieszkanie, 72 m², Warszawa;3;690000.0;9583.0;72.0;Wilanów, Zawady
4242;4243;4405;44kw5;https://www.otodom.pl/oferta/jasne-przytulne-i-nowe-mieszkanie-z-garazem-ID44kw5.html#20ff72d9d4;Jasne, przytulne i nowe mieszkanie z garażem;3;785000.0;11198.0;70.1;Mokotów, Stegny
4291;4292;4459;44klO;https://www.otodom.pl/oferta/nowy-budynek-m4-taras-balkon-rodziny-polecam-ID44klO.html#f99576f96a;Nowy Budynek M4 + taras + balkon Rodziny Polecam;4;730000.0;8488.0;86.0;Wola
4373;4374;4551;44kay;https://www.otodom.pl/oferta/idealne-mieszkanie-3pokojowe-68m2-tylko-8400-m2-ID44kay.html#81bd84daa0;Idealne mieszkanie 3pokojowe 68m2 Tylko 8400/m2;3;569000.0;8368.0;68.0;Bemowo
4454;4455;4636;44k1m;https://www.otodom.pl/oferta/3-pokoje-mokotow-ul-sielecka-ID44k1m.html#b1c8d0429f;3 pokoje, Mokotów ul. Sielecka;3;975000.0;11890.0;82.0;Mokotów
4516;4517;4702;445Mu;https://www.otodom.pl/oferta/apartament-3-pokojowy-kameralny-budynek-20-lokal-ID445Mu.html#d560de1abf;Apartament 3 pokojowy, kameralny budynek 20 lokal;3;1564020.0;18000.0;86.89;Mokotów, Górny Mokotów
4517;4518;4703;445M0;https://www.otodom.pl/oferta/przestronny-apartament-z-ogrodkiem-74-m2-ID445M0.html#d560de1abf;Przestronny apartament z ogródkiem 74 m2;3;959000.0;12959.0;74.0;Wola, Odolany
4659;4660;4853;3ZOmg;https://www.otodom.pl/oferta/penthouse-w-miasteczku-wilanow-ID3ZOmg.html#df047be300;Penthouse w Miasteczku Wilanów;4;1369500.0;12450.0;110.0;Wilanów
4718;4719;4913;44jlT;https://www.otodom.pl/oferta/dwa-pokoje-z-dwoma-ogrodkami-na-bielanach-ID44jlT.html#7039c64023;Dwa pokoje z dwoma ogródkami na Bielanach.;2;529000.0;10173.0;52.0;Bielany
4746;4747;4942;44jfq;https://www.otodom.pl/oferta/bez-prowizji-2-pokojowe-mieszkanie-z-ogrodkiem-ID44jfq.html#7039c64023;Bez Prowizji - 2 pokojowe mieszkanie z ogródkiem;2;660000.0;11186.0;59.0;Bemowo
4771;4772;4969;44jct;https://www.otodom.pl/oferta/mieszkanie-kawalerka-27-94-idealny-rozklad-ID44jct.html#5f0ed88415;Mieszkanie ,kawalerka ,27.94 , idealny rozkład.;2;345000.0;12348.0;27.94;Bemowo
4839;4840;5042;44j44;https://www.otodom.pl/oferta/ursus-2-pokoje-43-43m2-balkon-dobra-cena-ID44j44.html#ca7451b12f;Ursus. 2 pokoje (43.43m2)+balkon Dobra cena!;2;340000.0;7829.0;43.43;Ursus
4930;4931;5134;44iUA;https://www.otodom.pl/oferta/nowoczesne-w-przedwojennej-kamienicy-ID44iUA.html#e1b32fab50;Nowoczesne w przedwojennej kamienicy;2;493924.0;9700.0;50.92;Praga-Północ
5086;5087;5300;44eYJ;https://www.otodom.pl/oferta/apartament-110m2-stan-deweloperski-ochota-ID44eYJ.html#9f678b3c42;Apartament 110m2 Stan Deweloperski Ochota;4;1710000.0;15545.0;110.0;Ochota, Szczęśliwice
5213;5214;5432;44idd;https://www.otodom.pl/oferta/sprzedam-kawalerke-35m-okolice-promenady-ID44idd.html#3d27905eee;Sprzedam Kawalerkę 35m okolice Promenady;1;388000.0;11165.0;34.75;Praga-Północ, Praga
5243;5244;5462;44i48;https://www.otodom.pl/oferta/ciche-i-sloneczne-na-nowodworach-ID44i48.html#3d27905eee;Ciche i słoneczne na Nowodworach;1;284000.0;8738.0;32.5;Białołęka, Nowodwory
5299;5300;5519;44i0X;https://www.otodom.pl/oferta/jak-zlota-44-cosmopolitan-odicz-70-000zl-vat-ID44i0X.html#6dfdcf2f94;jak Złota 44 & Cosmopolitan Odicz 70 000zł Vat !;2;319000.0;8861.0;36.0;Śródmieście
5336;5337;5561;41FSl;https://www.otodom.pl/oferta/2-pokoje-z-widokiem-na-panorame-w-wy-23-pietro-ID41FSl.html#03cbc0be3f;2 pokoje z WiDOKIEM na PANORAMĘ W-WY, 23 piętro;2;560000.0;15556.0;36.0;Wola
5366;5367;5591;44hTn;https://www.otodom.pl/oferta/apartament-w-budynku-premium-xx-pietro-z-widokiem-ID44hTn.html#03cbc0be3f;Apartament w budynku Premium XX piętro z Widokiem;4;980000.0;10208.0;96.0;Wola
5442;5443;5676;44hCX;https://www.otodom.pl/oferta/80m2-4pok-wilanow-czerwiec-klucze-2-balkony-ID44hCX.html#5b202f5f25;80m2 4pok. Wilanów czerwiec klucze- 2 balkony!!;4;695895.0;8690.0;80.08;Wilanów
5507;5508;5748;43RMQ;https://www.otodom.pl/oferta/mieszkanie-4-pok-70-37-m2-wola-ul-okopowa-ID43RMQ.html#c0dd100d59;Mieszkanie 4 pok, 70,37 m2, Wola ul. Okopowa;4;858000.0;12193.0;70.37;Wola
5575;5576;5823;43mph;https://www.otodom.pl/oferta/swietna-lokalizacja-i-cena-ID43mph.html#7fbef7847e;Świetna Lokalizacja I Cena;1;450000.0;10514.0;42.8;Bemowo
5620;5621;5875;44heD;https://www.otodom.pl/oferta/przestronny-komfortowy-apartament-dla-rodziny-ID44heD.html#0c1d371afc;Przestronny, komfortowy apartament dla rodziny;5;910000.0;7651.0;118.94;Targówek
5628;5629;5884;44h9R;https://www.otodom.pl/oferta/idealny-apartament-na-wynajem-blisko-centrum-ID44h9R.html#0c1d371afc;Idealny Apartament na Wynajem - blisko Centrum;2;467000.0;12289.0;38.0;Śródmieście
5630;5631;5886;44h9M;https://www.otodom.pl/oferta/mieszkanie-srodmiescie-grzybowska-okazja-ID44h9M.html#0c1d371afc;Mieszkanie Śródmieście Grzybowska Okazja!;3;639000.0;10831.0;59.0;Wesoła, Wola Grzybowska
5917;5918;6186;44gwz;https://www.otodom.pl/oferta/spokojne-i-zielone-osiedle-ursus-warszawa-ID44gwz.html#5d38ff8672;Spokojne i zielone osiedle - Ursus Warszawa;3;455000.0;7718.0;58.95;Ursus
5928;5929;6197;44gui;https://www.otodom.pl/oferta/nowoczesna-inwestycja-zlokalizowana-na-bialolece-ID44gui.html#5d38ff8672;Nowoczesna inwestycja zlokalizowana na Białołęce;3;473000.0;7674.0;61.64;Białołęka
5933;5934;6202;44gu5;https://www.otodom.pl/oferta/nowoczesne-osiedle-na-warszawskiej-bialolece-ID44gu5.html#5d38ff8672;Nowoczesne osiedle na warszawskiej Białołęce;3;351900.0;8155.0;43.15;Białołęka
6184;6185;6475;43X6G;https://www.otodom.pl/oferta/do-remontu-3-pokoje-na-bielanach-blisko-metra-wawr-ID43X6G.html#ac31b09cba;Do remontu 3 pokoje na Bielanach blisko Metra Wawr;3;450000.0;9375.0;48.0;Bielany
6451;6453;6772;44eSw;https://www.otodom.pl/oferta/mieszkanie-z-garazem-w-okolicy-pl-unii-lubelskiej-ID44eSw.html#dd4ac06ce9;Mieszkanie z garażem w okolicy Pl. Unii Lubelskiej;2;690000.0;11220.0;61.5;Mokotów
6460;6462;6781;44eRG;https://www.otodom.pl/oferta/male-mieszkanie-przy-sobieskiego-ID44eRG.html#dd4ac06ce9;Małe Mieszkanie Przy Sobieskiego;2;496748.0;10990.0;45.2;Mokotów
6528;6530;6857;44eDh;https://www.otodom.pl/oferta/apartament-premium-w-centrum-4-pokoje-ID44eDh.html#288cf88e4b;Apartament Premium w Centrum - 4 pokoje;4;899000.0;11380.0;79.0;Śródmieście
6535;6537;6864;44eBA;https://www.otodom.pl/oferta/ursus-w-slawka-13-46-6m-2-pokoje-bezposrednio-ID44eBA.html#288cf88e4b;Ursus, W.Sławka 13, 46,6m²-2 pokoje, Bezpośrednio;2;350000.0;7511.0;46.6;Ursus
6613;6615;6950;44ek3;https://www.otodom.pl/oferta/mokotow-3-pokoje-62-m2-ID44ek3.html#5d23dbf5f3;Mokotów, 3 pokoje, 62 m2;3;570000.0;9194.0;62.0;Mokotów
6635;6637;6972;44efO;https://www.otodom.pl/oferta/trzypokojowe-mieszkanie-w-znakomitej-lokalizacji-ID44efO.html#5d23dbf5f3;Trzypokojowe mieszkanie w znakomitej lokalizacji;3;489000.0;9588.0;51.0;Bemowo, Jelonki
6637;6639;6974;44efL;https://www.otodom.pl/oferta/rozkladowe-mieszkanie-idealne-dla-pary-lub-singla-ID44efL.html#5d23dbf5f3;Rozkładowe mieszkanie idealne dla pary lub singla!;2;360288.0;7200.0;50.04;Białołęka, Tarchomin
6719;6721;7062;44dTX;https://www.otodom.pl/oferta/super-lokalizacja-500m-do-metra-chrzanow-ID44dTX.html#b50f0ea043;Super lokalizacja, 500m. do metra Chrzanów!;5;1307367.0;8099.0;161.43;Bemowo
6776;6778;7129;44dDP;https://www.otodom.pl/oferta/rozkladowe-2-pokoje-przy-metrze-wierzbno-ID44dDP.html#086ec9fe37;Rozkładowe 2 pokoje przy metrze Wierzbno;2;455000.0;11911.0;38.2;Mokotów
6974;6976;7340;44bMA;https://www.otodom.pl/oferta/kawalerka-przy-pl-zbawiciela-ID44bMA.html#ccaacff986;Kawalerka przy Pl. Zbawiciela;1;550000.0;34375.0;16.0;Śródmieście
6976;6978;7342;44cWZ;https://www.otodom.pl/oferta/inwestuj-w-nieruchomosci-ID44cWZ.html#ccaacff986;Inwestuj w nieruchomości!;2;236786.0;7683.0;30.82;Praga-Południe
7008;7010;7378;44cJx;https://www.otodom.pl/oferta/nowe-2-pokoje-39m2-sluzewiec-mokotow-0-prowizji-ID44cJx.html#1c20145644;Nowe 2 pokoje 39m2 Służewiec-Mokotów 0% Prowizji;2;420000.0;10614.0;39.57;Mokotów, Służewiec
7027;7029;7397;44cBk;https://www.otodom.pl/oferta/wyjatkowy-apartament-w-pieknej-kamienicy-ID44cBk.html#1c20145644;Wyjątkowy apartament w pięknej kamienicy;3;874000.0;13006.0;67.2;Praga-Północ
7138;7140;7516;43Lyd;https://www.otodom.pl/oferta/pkp-10-min-2-pok-antresola-2-miejsca-postojowe-ID43Lyd.html#b6be057073;Pkp 10 Min! 2 Pok + Antresola+2 Miejsca Postojowe.;2;360000.0;6102.0;59.0;Targówek, Zacisze
7196;7198;7574;44bXf;https://www.otodom.pl/oferta/metro-plocka-10-min-ostatnie-pietro-z-tarasem-22-ID44bXf.html#b6be057073;Metro Płocka 10 min. ostatnie piętro z TARASEM 22;3;657000.0;13273.0;49.5;Wola
7273;7275;7655;447rs;https://www.otodom.pl/oferta/1-p-jana-kazimierza-piwnica-m-postojowe-do-neg-ID447rs.html#3953646ce6;1 p. Jana Kazimierza, piwnica, m.postojowe, do neg;1;440000.0;12571.0;35.0;Wola
7354;7356;7739;43bvF;https://www.otodom.pl/oferta/atrakcyjne-mieszkanie-przy-pl-zbawiciela-stan-de-ID43bvF.html#4a70b4c46e;Atrakcyjne mieszkanie przy Pl. Zbawiciela, stan de;2;740000.0;13214.0;56.0;Śródmieście
7369;7371;7754;44brD;https://www.otodom.pl/oferta/3-pokoje-w-swietnym-punkcie-ID44brD.html#4a70b4c46e;3 pokoje w świetnym punkcie;3;456000.0;9500.0;48.0;Śródmieście
7472;7474;7862;43VpO;https://www.otodom.pl/oferta/2-pok-z-garderoba-blisko-tramwaj-i-sklepy-ID43VpO.html#53beb4ecf0;2 pok z Garderobą! blisko tramwaj i sklepy :);2;349510.0;7000.0;49.93;Białołęka
7490;7492;7881;43rmz;https://www.otodom.pl/oferta/warszawa-fort-bema-2-pokoje-54m2-bezposrednio-ID43rmz.html#b0e15cafb6;Warszawa Fort Bema, 2 pokoje, 54m2 - bezpośrednio;2;615000.0;11389.0;54.0;Bemowo
7501;7503;7892;44aWc;https://www.otodom.pl/oferta/m4-dwie-loggie-duze-sypialnie-3-strony-swiata-ID44aWc.html#b0e15cafb6;M4, dwie loggie, duże sypialnie, 3 strony świata.;4;821900.0;9699.0;84.74;Mokotów, Służewiec
7521;7523;7912;44aP0;https://www.otodom.pl/oferta/nowe-2-pokoje-39-m2-ul-ostrobramska-0-prowizji-ID44aP0.html#b0e15cafb6;Nowe 2 pokoje 39 m2 ul. Ostrobramska 0% Prowizji;2;443930.0;11188.0;39.68;Praga-Południe, Gocław
7538;7540;7929;44aHY;https://www.otodom.pl/oferta/2-pokojowy-apartament-wyjatkowa-lokalizacja-wola-ID44aHY.html#b0e15cafb6;2-Pokojowy Apartament-Wyjątkowa Lokalizacja!!!Wola;2;729174.0;15897.0;45.87;Wola
7552;7554;7944;445T5;https://www.otodom.pl/oferta/kawalerka-na-bialolece-26-m2-z-balkonem-ID445T5.html#b0e15cafb6;KAWALERKA na Białołęce 26 m2 z balkonem;1;235000.0;9038.0;26.0;Białołęka
7613;7615;8009;44ak7;https://www.otodom.pl/oferta/gotowa-kawalerka-z-odzielna-kuchnia-ID44ak7.html#34bd02e4ae;Gotowa kawalerka z odzielną kuchnią!;11;305000.0;10893.0;28.0;Praga-Południe, Gocław
7684;7686;8084;44a2J;https://www.otodom.pl/oferta/narozne-m2-duze-okna-super-dojazd-centrum-moko-ID44a2J.html#a3d3086502;Narożne M2, Duże Okna Super Dojazd Centrum/Moko.;2;441323.0;8024.0;55.0;Praga-Południe, Gocławek
7718;7720;8121;449Xv;https://www.otodom.pl/oferta/2-pokojowe-w-swietnej-cenie-ID449Xv.html#76d5f1cb52;2-pokojowe w świetnej cenie;2;374000.0;7727.0;48.4;Białołęka
7764;7766;8167;446CI;https://www.otodom.pl/oferta/2pok-44m2-parter-z-tarasem-zoliborz-ID446CI.html#76d5f1cb52;2pok, 44m2, parter z tarasem, Żoliborz;2;521989.25;11675.0;44.71;Żoliborz
7783;7785;8189;449Lg;https://www.otodom.pl/oferta/3-pokoje-na-woli-super-rozklad-nowe-osiedle-0-ID449Lg.html#1abb15d7d7;3 pokoje na Woli super rozkład nowe osiedle 0% !;3;550000.0;10000.0;55.0;Wola
7794;7796;8200;449Jn;https://www.otodom.pl/oferta/sprzedam-2-pokojowe-mieszkanie-na-brodnie-ID449Jn.html#1abb15d7d7;Sprzedam 2 pokojowe mieszkanie na Bródnie;2;370000.0;8706.0;42.5;Targówek, Bródno
7879;7881;8290;43Zff;https://www.otodom.pl/oferta/2-pokojemlynow-wola-bez-prowizji-ID43Zff.html#91c6d8f63d;★ 2 pokoje★Młynów, Wola★ Bez prowizji;2;496650.0;11000.0;45.15;Wola, Młynów
7953;7955;8369;4499e;https://www.otodom.pl/oferta/apartament-na-srodmiesciu-z-duzym-balkonem-ID4499e.html#4e9b9e9be8;Apartament na Śródmieściu z dużym balkonem!;3;665000.0;12788.0;52.0;Śródmieście
8025;8027;8446;448Us;https://www.otodom.pl/oferta/top-gotowe-taras-dobra-komunikacja-ID448Us.html#6ab8a331ba;Top- Gotowe/Taras/Dobra komunikacja;4;949500.0;9364.0;101.4;Praga-Południe, Gocław
8091;8093;8517;448CO;https://www.otodom.pl/oferta/3-pokoje-z-oddzielna-kuchnia-tarchominie-ID448CO.html#1517f61aec;3 Pokoje Z Oddzielną Kuchnią Tarchominie;3;486000.0;7739.0;62.8;Białołęka
8112;8114;8538;448v3;https://www.otodom.pl/oferta/doskonala-lokalizacjamokotow-chelmska-ID448v3.html#1517f61aec;Doskonała lokalizacja*Mokotów* Chełmska;3;680000.0;10845.0;62.7;Mokotów
8254;8256;8686;4489d;https://www.otodom.pl/oferta/ciche-mieszkanie-z-dusza-w-samym-centrum-warszawy-ID4489d.html#8c84da45f5;Ciche mieszkanie z duszą w samym Centrum Warszawy;3;959000.0;11493.0;83.44;Śródmieście
8292;8294;8728;447Zs;https://www.otodom.pl/oferta/wawer-marysin-2-pokoje-45m2-przy-skm-dobra-cena-ID447Zs.html#0c2cdbd171;Wawer/Marysin 2 pokoje 45m2 przy Skm! Dobra cena!;2;371580.0;8250.0;45.04;Wawer, Marysin Wawerski
8348;8350;8787;447pE;https://www.otodom.pl/oferta/najnowoczesniejsze-osiedle-w-stolicy-0-prowizji-ID447pE.html#0f6e0ae156;NAJNOWOCZEŚNIEJSZE osiedle w Stolicy_0% prowizji;3;770580.0;8960.0;86.0;Wola
8388;8390;8831;447tQ;https://www.otodom.pl/oferta/2-pokoje-z-balkonem-na-brodnie-ID447tQ.html#0f6e0ae156;2 pokoje z balkonem na Bródnie;2;409000.0;9646.0;42.4;Targówek, Bródno
8395;8398;8840;43WJR;https://www.otodom.pl/oferta/powisle-przy-parku-rydza-smiglego-ID43WJR.html#0f6e0ae156;Powiśle przy Parku Rydza Śmigłego;3;1780000.0;17198.0;103.5;Śródmieście, Powiśle
8460;8463;8913;43BTU;https://www.otodom.pl/oferta/kawalerka-na-bialolece-hit-ID43BTU.html#14f42420ed;!!!kawalerka na Białołęce!!! HIT;1;233000.0;8792.0;26.5;Białołęka
8488;8491;8944;4477d;https://www.otodom.pl/oferta/rodzinne-mieszkanie-z-balkonem-garazem-i-komorka-ID4477d.html#9901a7db14;Rodzinne mieszkanie z balkonem, garażem i komórką;4;840000.0;9033.0;92.99;Bielany
8503;8506;8960;4473K;https://www.otodom.pl/oferta/tylko-u-nas-przestronne-mieszkanie-wlochy-ID4473K.html#9901a7db14;Tylko U Nas - Przestronne mieszkanie* Włochy;4;735000.0;8497.0;86.5;Włochy
8637;8640;9102;43ZSY;https://www.otodom.pl/oferta/8-min-m-centrumpowislepod-biurokamienica2-73h-ID43ZSY.html#a2433c118a;8 min M Centrum*Powiśle*Pod Biuro*Kamienica*2,73H;2;560000.0;11245.0;49.8;Śródmieście, Powiśle
8864;8867;9348;444TO;https://www.otodom.pl/oferta/balkon-latwy-dojazd-do-stacji-metra-ID444TO.html#afc76b9aa6;Balkon/Łatwy dojazd do stacji metra;2;277700.0;6399.0;43.4;Białołęka
8923;8926;9410;43NR9;https://www.otodom.pl/oferta/duza-kawalerka-z-wydzielona-sypialnia-i-garazem-ID43NR9.html#ffa12cb035;Duża kawalerka z wydzieloną sypialnią i garażem;1;364000.0;10400.0;35.0;Bielany
8946;8949;9433;43ClY;https://www.otodom.pl/oferta/dwa-pokoje-stan-do-remontu-srodmiescie-mokotowska-ID43ClY.html#ffa12cb035;Dwa pokoje stan do remontu śródmieście Mokotowska;2;689000.0;13816.0;49.87;Śródmieście
8954;8957;9441;444nd;https://www.otodom.pl/oferta/oferta-idealna-dla-inwestorow-pod-wynajem-ID444nd.html#ffa12cb035;Oferta idealna dla Inwestorów pod Wynajem;2;320000.0;8205.0;39.0;Wola
8956;8959;9443;444mO;https://www.otodom.pl/oferta/swietna-lokalizacja-400m-do-dworca-wilenskiego-ID444mO.html#ffa12cb035;Świetna lokalizacja, 400m do Dworca Wileńskiego!;5;1457330.0;12225.0;119.21;Praga-Północ
8971;8974;9461;444iJ;https://www.otodom.pl/oferta/gotowa-kawalerka-450m-do-stacji-metra-ID444iJ.html#f0abb9b3c1;Gotowa kawalerka! 450m. do stacji metra!;1;410000.0;10660.0;38.46;Praga-Północ
9104;9107;9596;424qA;https://www.otodom.pl/oferta/komfortowe-mieszkanie-dla-rodziny-ID424qA.html#8f758cd5ec;Komfortowe mieszkanie dla rodziny;6;1160000.0;9872.0;117.51;Bemowo
9111;9114;9605;443ww;https://www.otodom.pl/oferta/mieszkanie-94-m-warszawa-ID443ww.html#fc4842f7c0;Mieszkanie, 94 m², Warszawa;4;999000.0;10628.0;94.0;Mokotów
9141;9144;9635;443kE;https://www.otodom.pl/oferta/ustawne-dwustronne-mieszkanie-z-2-loggiami-ID443kE.html#fc4842f7c0;Ustawne, dwustronne mieszkanie z 2 loggiami!;4;780794.0;8727.0;89.47;Ursynów
9236;9239;9735;442GR;https://www.otodom.pl/oferta/nowe-mieszkanie-w-inwestycji-golden-space-1c83-ID442GR.html#cdd30111ce;Nowe mieszkanie w Inwestycji Golden Space, 1C83;3;;8368.0;64.53;Włochy
9260;9263;9762;435Zn;https://www.otodom.pl/oferta/3-pokoje-52m-stan-bardzo-dobry-ID435Zn.html#4e9c0bead7;3 pokoje 52m, stan bardzo dobry;3;465000.0;8942.0;52.0;Praga-Południe, Gocławek
9284;9287;9786;438LQ;https://www.otodom.pl/oferta/ekskluzywny-apartament-inspirowany-great-gatsby-ID438LQ.html#4e9c0bead7;Ekskluzywny apartament inspirowany Great Gatsby;2;1790000.0;22375.0;80.0;Śródmieście, Powiśle
9299;9302;9804;442b5;https://www.otodom.pl/oferta/ursus-piekne-dwupoziomowe-mieszkanie-114-m2-ID442b5.html#4e9c0bead7;Ursus - piękne dwupoziomowe mieszkanie 114 m2;4;729000.0;6417.0;113.61;Ursus, Gołąbki
9328;9331;9836;441SY;https://www.otodom.pl/oferta/najtansze-2-pok-na-pradze-poludnie-30-14m2-ID441SY.html#d712f1e4d2;Najtańsze 2 pok na Pradze Południe 30,14m2!;2;284823.0;9450.0;30.14;Praga-Południe
9384;9387;9894;43Rex;https://www.otodom.pl/oferta/gotowy-wykonczony-apartament-z-tarasem-na-dachu-ID43Rex.html#d712f1e4d2;Gotowy, WYKOŃCZONY apartament z tarasem na dachu!;3;2250000.0;18465.0;121.85;Praga-Północ
9417;9421;9933;43BRp;https://www.otodom.pl/oferta/loft-penthouse-z-tarasem-na-mokotowie-ID43BRp.html#3643cea31d;Loft/Penthouse Z Tarasem Na Mokotowie;2;1890000.0;17339.0;109.0;Mokotów
9440;9444;9956;440lf;https://www.otodom.pl/oferta/idealne-mieszkanie-4-pokoje-na-strumykowej-ID440lf.html#3643cea31d;Idealne Mieszkanie - 4 Pokoje Na Strumykowej;4;799000.0;8878.0;90.0;Białołęka
9460;9464;9980;440aM;https://www.otodom.pl/oferta/ursynow-klobucka-2-pokoje-od-dewelopera-ID440aM.html#abe39e12eb;Ursynów, Kłobucka, 2 pokoje, od dewelopera!;2;413000.0;10085.0;40.95;Ursynów, Wyczółki
9500;9504;10027;4401s;https://www.otodom.pl/oferta/ciche-kameralne-z-klimatem-ul-koszykowa-ID4401s.html#abe39e12eb;Ciche, kameralne, z klimatem ul. Koszykowa;3;1049000.0;12117.0;86.57;Śródmieście, Śródmieście Południowe
9506;9510;10033;43ZWl;https://www.otodom.pl/oferta/54m2-przy-jeziorze-balaton-3m-wysokosci-ID43ZWl.html#abe39e12eb;54m2 przy Jeziorze Balaton 3m wysokości;2;534000.0;9871.0;54.1;Praga-Południe, Gocław
9690;9694;10227;43Y1k;https://www.otodom.pl/oferta/przestronny-apartament-z-widokiem-na-miasto-ID43Y1k.html#492b4623b5;Przestronny apartament z widokiem na miasto;4;992975.0;12098.0;82.08;Mokotów
9840;9844;10385;43VUv;https://www.otodom.pl/oferta/warszawa-goclaw-3-pietro-kameralne-ID43VUv.html#0f8bd8ae31;*** Warszawa Gocław - 3 piętro - kameralne;3;545000.0;9206.0;59.2;Praga-Południe, Gocław
9921;9925;10472;43rES;https://www.otodom.pl/oferta/piekny-apartament-o-wysokim-standardzie-na-powislu-ID43rES.html#d47baae733;Piękny apartament o wysokim standardzie na Powiślu;2;1500000.0;22883.0;65.55;Śródmieście, Powiśle
9956;9960;10511;43WWk;https://www.otodom.pl/oferta/4-pokoje-mieszkanie-z-zabudowanym-tarasem-ID43WWk.html#79eb57dadb;4 pokoje mieszkanie z zabudowanym tarasem!;4;720000.0;7579.0;95.0;Białołęka
9998;10002;10553;43WiY;https://www.otodom.pl/oferta/2-pok-35-mkw-super-lokalizacja-ID43WiY.html#79eb57dadb;2 pok., 35 mkw, super lokalizacja!;2;437000.0;12383.0;35.29;Mokotów
10125;10129;10686;43oaS;https://www.otodom.pl/oferta/przy-lazienkach-46-m2-ID43oaS.html#8f1ac8cfb4;Przy Łazienkach 46 m2;2;520000.0;11304.0;46.0;Mokotów, Sielce
10131;10135;10692;43TCg;https://www.otodom.pl/oferta/mieszkanie-5-pokoi-blisko-metra-stare-bielany-do-ID43TCg.html#8f1ac8cfb4;Mieszkanie 5-pokoi, blisko metra Stare Bielany, do;5;989850.0;8318.0;119.0;Bielany
10196;10200;10761;43SUF;https://www.otodom.pl/oferta/2-pok-38-8-m2-bialoleka-bez-prowizji-ID43SUF.html#1b4ba16a5f;2 pok., 38,8 m2, Białołęka, Bez Prowizji;2;380940.0;9818.0;38.8;Białołęka
10279;10283;10849;43RKE;https://www.otodom.pl/oferta/budynek-blue-mieszkanie-4c116-ID43RKE.html#44b76f4a8e;Budynek Blue, mieszkanie 4C116;2;;;40.19;Ursynów
10300;10304;10870;43RJR;https://www.otodom.pl/oferta/budynek-blue-mieszkanie-3c101-ID43RJR.html#44b76f4a8e;Budynek Blue, mieszkanie 3C101;2;;;39.31;Ursynów
10399;10403;10976;43RqW;https://www.otodom.pl/oferta/mieszkanie-w-twoim-zasiegu-z-ogrodkiem-ID43RqW.html#d5d6d89eae;Mieszkanie w Twoim zasięgu z ogródkiem!;2;438000.0;10950.0;40.0;Ursynów
10453;10457;11033;43QKi;https://www.otodom.pl/oferta/czteropokojowy-apartament-w-zielonej-okolicy-ID43QKi.html#e199066408;Czteropokojowy apartament w zielonej okolicy;4;676875.0;9500.0;71.25;Włochy
10577;10581;11166;411FA;https://www.otodom.pl/oferta/3-pokoje-w-swietnym-miejscu-na-woli-ID411FA.html#13f67e888d;3 pokoje w świetnym miejscu na Woli;3;749000.0;11348.0;66.0;Wola
10665;10669;11261;43OoQ;https://www.otodom.pl/oferta/dom-w-cenie-mieszkania-metro-m2-ID43OoQ.html#8a88c0731d;Dom w cenie mieszkania! Metro M2;5;997805.0;6528.0;152.85;Bemowo
10667;10671;11263;43OmF;https://www.otodom.pl/oferta/przestronny-apartament-bez-pcc-bez-prowizji-ID43OmF.html#8a88c0731d;Przestronny apartament - Bez Pcc, bez prowizji;2;862491.0;20058.0;43.0;Śródmieście, Powiśle
10720;10724;11316;43O0v;https://www.otodom.pl/oferta/prestizowa-lokalizacja-odbior-od-zaraz-ID43O0v.html#8a88c0731d;Prestiżowa lokalizacja odbiór od zaraz;4;934000.0;11974.0;78.0;Mokotów, Dolny Mokotów
10748;10752;11348;43NPc;https://www.otodom.pl/oferta/apartamenty-z-przepieknym-widokiem-na-morze-i-park-ID43NPc.html#aa1414ddf7;Apartamenty Z Przepięknym Widokiem Na Morze I Park;3;893225.0;14040.0;63.62;mazowieckie
10828;10832;11431;43N23;https://www.otodom.pl/oferta/przestronne-i-sloneczne-mieszkanie-wow-ID43N23.html#910568eb32;Przestronne i słoneczne mieszkanie! Wow!!;4;945500.0;11760.0;80.4;Wilanów
10900;10904;11511;43M3V;https://www.otodom.pl/oferta/mieszkanie-3-pokoje-63m2-praga-poludnie-lukowska-ID43M3V.html#2e39c13fcf;Mieszkanie,3 Pokoje, 63m2,Praga Południe,Łukowska;3;459900.0;7300.0;63.0;Praga-Południe
10926;10930;11537;43M7V;https://www.otodom.pl/oferta/ustawne-4-pokoje-przy-metrze-ursynow-ID43M7V.html#2e39c13fcf;Ustawne 4 pokoje przy Metrze Ursynów;4;685000.0;8145.0;84.1;Ursynów
10968;10972;11582;43LP6;https://www.otodom.pl/oferta/3pok-89-46m2-apartament-na-bielanach-ID43LP6.html#380e6c897e;3pok, 89,46m2, Apartament na Bielanach;3;1139000.0;12732.0;89.46;Bielany, Chomiczówka
10989;10993;11603;43oUW;https://www.otodom.pl/oferta/2-pokoje-w-stanie-deweloperskim-obok-metra-ID43oUW.html#380e6c897e;2 pokoje w stanie deweloperskim obok metra;2;570000.0;13194.0;43.2;Mokotów
11041;11045;11659;43KPq;https://www.otodom.pl/oferta/srodmiescie-1936r-3-pokoje-4-pietro-z-winda-ID43KPq.html#0f971de5fe;Śródmieście 1936r, 3 pokoje, 4 piętro z windą;3;1100000.0;12644.0;87.0;Śródmieście
11095;11099;11717;43Jps;https://www.otodom.pl/oferta/jasne-i-przestronne-mozna-przerobic-na-4-5-pok-ID43Jps.html#3f644662b2;Jasne i przestronne, można przerobić na 4-5 pok.!;3;905000.0;8458.0;107.0;Praga-Południe
11120;11124;11742;43JaO;https://www.otodom.pl/oferta/ogrod-krasinskich-bonifraterska-102-8-m2-4-pok-ID43JaO.html#3f644662b2;Ogród Krasińskich, Bonifraterska, 102,8 m2, 4 pok.;4;1199000.0;11663.0;102.8;Śródmieście, Stare Miasto
11131;11135;11755;43J4X;https://www.otodom.pl/oferta/atrakcyjne-3-pokoje-na-bielanach-ID43J4X.html#3f644662b2;Atrakcyjne 3- pokoje na Bielanach;3;540000.0;9908.0;54.5;Bielany
11133;11137;11757;438cF;https://www.otodom.pl/oferta/luksusowy-apartament-w-centrum-miejskiego-zycia-ID438cF.html#3f644662b2;Luksusowy apartament w centrum miejskiego życia;6;5500000.0;25000.0;220.0;Śródmieście
11399;11403;12036;43FSl;https://www.otodom.pl/oferta/przestronne-mieszkanie-bez-pcc-bez-prowizji-ID43FSl.html#ad0603ec0f;Przestronne mieszkanie - bez Pcc, bez prowizji;2;443827.0;10110.0;43.9;Mokotów
11516;11520;12160;43DKi;https://www.otodom.pl/oferta/apartament-w-cichej-i-spokojnej-okolicy-ID43DKi.html#e30d7fc9cd;Apartament w cichej i spokojnej okolicy;3;660000.0;9078.0;72.7;Białołęka, Brzeziny
11615;11619;12266;43BWA;https://www.otodom.pl/oferta/apartament-120-m2-targowek-ID43BWA.html#cacec052e5;Apartament 120 m2 Targówek;4;958800.0;7990.0;120.0;Targówek
11624;11628;12276;43sx4;https://www.otodom.pl/oferta/apartament-z-400-metrowym-ogrodem-ID43sx4.html#cacec052e5;Apartament z 400 metrowym ogrodem;4;1150000.0;11648.0;98.73;Wilanów, Zawady
11630;11634;12282;43BJ9;https://www.otodom.pl/oferta/4-pokojowe-bemowo-lotnisko-ID43BJ9.html#cacec052e5;4 pokojowe Bemowo/Lotnisko!;4;780000.0;8667.0;90.0;Bemowo
11656;11660;12311;43BuR;https://www.otodom.pl/oferta/apartament-na-mokotowie-metro-balkon-garaz-ID43BuR.html#afb2523705;apartament na Mokotowie, metro, balkon, garaż;2;990000.0;13944.0;71.0;Mokotów
11662;11666;12317;43Boq;https://www.otodom.pl/oferta/mieszkanie-47-m-warszawa-ID43Boq.html#afb2523705;Mieszkanie, 47 m², Warszawa;3;590000.0;12553.0;47.0;Wola
11688;11692;12345;43A0v;https://www.otodom.pl/oferta/mieszkanie-56-m-warszawa-ID43A0v.html#afb2523705;Mieszkanie, 56 m², Warszawa;4;499000.0;8911.0;56.0;Praga-Południe, Gocław
11788;11792;12450;43zkW;https://www.otodom.pl/oferta/ostatnie-mieszkania-odbior-juz-w-przyszlym-roku-ID43zkW.html#b5e35fd4bd;Ostatnie mieszkania!! Odbiór już w przyszłym roku!;3;474000.0;6642.0;71.36;Rembertów
11982;11986;12654;43v2D;https://www.otodom.pl/oferta/mieszkanie-z-prywatnym-strychem-ID43v2D.html#a7ad5069ae;Mieszkanie z prywatnym strychem;4;635075.0;8718.0;72.85;Wesoła, Stara Miłosna
11996;12000;12668;43wYW;https://www.otodom.pl/oferta/gotowe-do-obioru-z-ogrodkiem-ID43wYW.html#a7ad5069ae;Gotowe do obioru z ogródkiem;3;710000.0;11094.0;64.0;Mokotów
12130;12134;12811;43umZ;https://www.otodom.pl/oferta/apartament-252-5-m2-6-pokoi-rondo-daszynskiego-ID43umZ.html#2c8e058221;Apartament 252,5 m2 6 pokoi Rondo Daszyńskiego;6;2700000.0;10693.0;252.5;Wola, Mirów
12227;12231;12916;43sS3;https://www.otodom.pl/oferta/kawalerka-na-woli-41-m-ID43sS3.html#d854398e0c;Kawalerka na Woli 41 M;1;479000.0;11683.0;41.0;Wola
12245;12249;12934;43sNY;https://www.otodom.pl/oferta/mieszkanie-30-m-warszawa-ID43sNY.html#d854398e0c;Mieszkanie, 30 m², Warszawa;1;347000.0;11567.0;30.0;Wola
12277;12281;12968;43sxY;https://www.otodom.pl/oferta/ekskluzywny-apartament-na-saskiej-kepie-ID43sxY.html#d854398e0c;Ekskluzywny apartament na Saskiej Kępie;3;1584000.0;16500.0;96.0;Praga-Południe
12296;12300;12990;43sdS;https://www.otodom.pl/oferta/oddanie-w-marcu-kameralnie-i-prestizowo-ID43sdS.html#b6db6500a5;oddanie w Marcu! kameralnie i prestiżowo...;4;737743.0;8740.0;84.41;Wilanów
12360;12364;13060;414jR;https://www.otodom.pl/oferta/mieszkanie-123-m2-osiedle-prezydenckie-ID414jR.html#1db1572a36;Mieszkanie 123 m2 osiedle Prezydenckie.;4;1150000.0;9334.0;123.2;Śródmieście
12379;12383;13079;3VNAY;https://www.otodom.pl/oferta/do-sprzedazy-4-pokojowy-apartament-z-ogrodkiem-ID3VNAY.html#1db1572a36;Do sprzedaży 4- pokojowy apartament z ogródkiem.;4;1114350.0;9500.0;117.3;Włochy, Okęcie
12397;12401;13097;43q4f;https://www.otodom.pl/oferta/swietna-lokalizacja-ciche-blisko-metra-2021-ID43q4f.html#1db1572a36;Świetna Lokalizacja, Ciche, Blisko Metra (2021);2;410000.0;8039.0;51.0;Bemowo
12427;12431;13131;43pvz;https://www.otodom.pl/oferta/mieszkanie-warszawa-bielany-ID43pvz.html#2c1cc5c648;Mieszkanie - Warszawa Bielany;4;997500.0;10231.0;97.5;Bielany
12435;12439;13139;43phC;https://www.otodom.pl/oferta/bialy-kamien-pole-mokotowskie-balkon-garaz-ID43phC.html#2c1cc5c648;Biały Kamień / Pole Mokotowskie / balkon / garaż;2;1350000.0;21774.0;62.0;Mokotów, Górny Mokotów
12490;12494;13195;43o7O;https://www.otodom.pl/oferta/mieszkanie-46-73-m-warszawa-ID43o7O.html#2c1cc5c648;Mieszkanie, 46,73 m², Warszawa;3;425000.0;9095.0;46.73;Mokotów, Służewiec
12512;12516;13221;43kxc;https://www.otodom.pl/oferta/trzypokojowe-mieszkanie-na-warszawskim-bemowie-ID43kxc.html#82651a7378;Trzypokojowe mieszkanie na warszawskim Bemowie;3;490000.0;7993.0;61.3;Bemowo
12515;12519;13224;432LN;https://www.otodom.pl/oferta/mieszkanie-przy-metrze-w-stanie-idealnym-4-pokoje-ID432LN.html#82651a7378;Mieszkanie przy metrze w stanie idealnym, 4 pokoje;4;638000.0;9273.0;68.8;Ursynów
12591;12595;13305;3PP1i;https://www.otodom.pl/oferta/piekna-kawalerka-duzy-balkon-kuchnia-z-oknem-ID3PP1i.html#311f0ab9f2;Piękna kawalerka, duży balkon, kuchnia z oknem!;1;201974.0;6418.0;31.47;Białołęka
12605;12609;13319;43lh8;https://www.otodom.pl/oferta/komfortowe-2-pokoje-gorny-mokotow-ID43lh8.html#311f0ab9f2;Komfortowe 2 pokoje Górny Mokotów;2;990000.0;18333.0;54.0;Mokotów
12771;12775;13491;43h2o;https://www.otodom.pl/oferta/37m2-2-pok-centrum-metro-rondo-onz-400m-ID43h2o.html#7308f20eb8;37m2, 2 pok., Centrum, Metro Rondo Onz - 400m(!);2;549000.0;14838.0;37.0;Śródmieście
12794;12798;13518;43gqw;https://www.otodom.pl/oferta/mieszkanie-47-m-warszawa-ID43gqw.html#92c64d5217;Mieszkanie, 47 m², Warszawa;2;865000.0;18404.0;47.0;Śródmieście
12815;12819;13539;438lT;https://www.otodom.pl/oferta/nowe-tarchomin-2-pokoje-ID438lT.html#92c64d5217;NOWE *Tarchomin* 2 pokoje;2;310784.0;6400.0;48.56;Białołęka, Nowodwory
12868;12872;13596;43edA;https://www.otodom.pl/oferta/wyjatkowy-3-pokojowy-apartament-w-kamienicy-ID43edA.html#0e386ba8db;Wyjątkowy 3 - pokojowy apartament w kamienicy;3;850000.0;13492.0;63.0;Śródmieście, Śródmieście Południowe
12872;12876;13600;3Ukcv;https://www.otodom.pl/oferta/ostatnie-2-pokojowe-narozne-z-balkonem-14m2-ID3Ukcv.html#0e386ba8db;! Ostatnie 2 pokojowe narożne z balkonem 14m2 !.!;2;500000.0;13514.0;37.0;Wola
12895;12899;13623;43e5W;https://www.otodom.pl/oferta/atrakcyje-mieszkanie-mozna-jeszcze-kupic-jako-ces-ID43e5W.html#0e386ba8db;Atrakcyje mieszkanie, można jeszcze kupić jako ces;3;699000.0;12944.0;54.0;Żoliborz
12902;12906;13630;43e2Y;https://www.otodom.pl/oferta/mieszkanie-46-m-warszawa-ID43e2Y.html#0e386ba8db;Mieszkanie, 46 m², Warszawa;3;500000.0;10870.0;46.0;Ochota, Rakowiec
12940;12944;13671;43dSE;https://www.otodom.pl/oferta/inwestycja-blizej-gwiazd-mieszkanie-a2-5-ID43dSE.html#0a804c6734;Inwestycja Bliżej Gwiazd, mieszkanie A2-5;2;;;31.51;Białołęka
12944;12948;13675;43dS4;https://www.otodom.pl/oferta/inwestycja-blizej-gwiazd-mieszkanie-a2-1-ID43dS4.html#0a804c6734;Inwestycja Bliżej Gwiazd, mieszkanie A2-1;2;;;31.31;Białołęka
12954;12958;13685;41lTy;https://www.otodom.pl/oferta/idealnie-ciche-i-rozkladowe-3-pokoje-na-goclawiu-ID41lTy.html#0a804c6734;Idealnie ciche i rozkładowe 3 pokoje na Gocławiu;3;475000.0;7331.0;64.79;Praga-Południe
12965;12969;13696;41LAO;https://www.otodom.pl/oferta/prawie-gotowe-ii-linia-zabudowy-l-budynek-b-ID41LAO.html#0a804c6734;Prawie Gotowe! II linia zabudowy l Budynek B;3;682736.0;11625.0;58.73;Mokotów
13012;13016;13747;43c0F;https://www.otodom.pl/oferta/4-pokoje-w-okazyjnej-cenie-ID43c0F.html#f769c707d7;4 pokoje w okazyjnej cenie.;3;575000.0;8099.0;71.0;Mokotów, Stegny
13180;13184;13920;43bxd;https://www.otodom.pl/oferta/przestronne-3-pokojowe-mieszkanie-na-mokotowie-ID43bxd.html#81e5f0409b;Przestronne 3 pokojowe Mieszkanie na Mokotowie!;3;885000.0;11959.0;74.0;Mokotów
13296;13300;14042;439xE;https://www.otodom.pl/oferta/trzypokojowe-rozkladowe-z-garazem-ID439xE.html#5b51bfe381;Trzypokojowe, rozkładowe z garażem;3;750000.0;7228.0;103.76;Bemowo
13316;13320;14063;438Z2;https://www.otodom.pl/oferta/zamieszkaj-przy-stacji-metra-wierzbno-ID438Z2.html#5b51bfe381;Zamieszkaj przy stacji metra Wierzbno;2;876876.0;15400.0;56.94;Mokotów, Górny Mokotów
13403;13407;14153;436mM;https://www.otodom.pl/oferta/okazyjnie-2-pok-z-oddz-kuchnia-ciche-przy-parku-ID436mM.html#46a64a5f43;Okazyjnie 2 pok. z oddz. kuchnią_ciche przy parku;2;429000.0;8412.0;51.0;Praga-Południe, Olszynka Grochowska
13444;13448;14198;41dVH;https://www.otodom.pl/oferta/sierakowskiego-4-1-ID41dVH.html#7fffb29b3b;Sierakowskiego 4 1;1;;;51.8;Praga-Północ
13500;13504;14260;4340p;https://www.otodom.pl/oferta/widokowa-kawalerka-na-woli-zarabiaj-na-najmie-ID4340p.html#0f8a125b14;Widokowa kawalerka na Woli. Zarabiaj na najmie;2;399000.0;15171.0;26.3;Wola
13580;13584;14343;3YaTV;https://www.otodom.pl/oferta/elegancki-apartament-na-sprzedaz-przy-ulicy-klopot-ID3YaTV.html#0f076cde2f;Elegancki apartament na sprzedaż przy ulicy Kłopot;2;1750000.0;19943.0;87.75;Śródmieście
13591;13595;14354;42TFV;https://www.otodom.pl/oferta/gwarancja-zysku-5-23-000zl-wyplaty-rocznie-gotowe-ID42TFV.html#0f076cde2f;Gwarancja zysku 5%/23 000zł wypłaty rocznie/gotowe;2;469000.0;14656.0;32.0;Wola
13616;13620;14380;4300G;https://www.otodom.pl/oferta/mieszkanie-53-15-m-warszawa-ID4300G.html#0f076cde2f;Mieszkanie, 53,15 m², Warszawa;3;538000.0;10122.0;53.15;Mokotów
13627;13631;14391;42ZKm;https://www.otodom.pl/oferta/wygodne-mieszkanie-na-sadybie-ID42ZKm.html#0f076cde2f;Wygodne mieszkanie na Sadybie;1;343000.0;9885.0;34.7;Mokotów, Sadyba
13676;13680;14445;42YCf;https://www.otodom.pl/oferta/3-pokoje-kabaty-piwnica-10m2-ID42YCf.html#cb75714ff0;3 Pokoje, Kabaty, Piwnica 10M2;3;778000.0;10039.0;77.5;Ursynów
13755;13759;14529;42Woy;https://www.otodom.pl/oferta/2-pokoje-w-poblizu-foksal-ID42Woy.html#7c7a0821d8;2 pokoje w pobliżu Foksal;2;790000.0;14906.0;53.0;Śródmieście
13781;13785;14560;42UDW;https://www.otodom.pl/oferta/kawalerka-na-mokotowie27-6m2-zarabiaj-juz-dzis-ID42UDW.html#0d8fc1f055;Kawalerka na Mokotowie(27,6m2), zarabiaj juz dziś;1;400239.0;14496.0;27.61;Mokotów
13792;13796;14571;42Ujf;https://www.otodom.pl/oferta/nowoczesnie-wykonczony-apartament-7min-metro-ID42Ujf.html#0d8fc1f055;Nowocześnie wykończony apartament - 7min Metro;2;465000.0;8470.0;54.9;Białołęka
13814;13818;14593;3PtI4;https://www.otodom.pl/oferta/mieszkanie-warszawa-srodmiescie-ID3PtI4.html#0d8fc1f055;Mieszkanie - Warszawa Śródmieście;2;850000.0;17000.0;50.0;Śródmieście
13879;13883;14662;42Rkt;https://www.otodom.pl/oferta/scisle-centrum-2-pokoje-zlote-tarasy-ID42Rkt.html#feb200a9bc;Ścisłe Centrum 2 pokoje - Złote Tarasy;2;617000.0;16237.0;38.0;Śródmieście
13888;13892;14671;42QRP;https://www.otodom.pl/oferta/2-pokoje-przy-stacji-skm-ursus-ID42QRP.html#feb200a9bc;2 pokoje przy stacji Skm Ursus;2;500000.0;9099.0;54.95;Ursus, Skorosze
13914;13918;14697;42PCf;https://www.otodom.pl/oferta/mieszkanie-72-40-m-warszawa-ID42PCf.html#feb200a9bc;Mieszkanie, 72,40 m², Warszawa;3;778300.0;10750.0;72.4;Wola
13921;13925;14707;42PiJ;https://www.otodom.pl/oferta/z-duzym-potencjalem-2pok-gorny-mokotow-ID42PiJ.html#25de553a6d;Z dużym potencjałem 2pok.Górny Mokotów;2;670000.0;12762.0;52.5;Mokotów
13938;13942;14724;42Onq;https://www.otodom.pl/oferta/zamieszkaj-komfortowo-i-ekskluzywnie-ID42Onq.html#25de553a6d;*Zamieszkaj Komfortowo i Ekskluzywnie.;5;983110.0;8500.0;115.66;Wilanów
14021;14025;14812;42KeI;https://www.otodom.pl/oferta/mieszkanie-55-23-m-warszawa-ID42KeI.html#f3f25a534a;Mieszkanie, 55,23 m², Warszawa;2;548000.0;9922.0;55.23;Ursynów, Imielin
14063;14067;14860;42s0W;https://www.otodom.pl/oferta/sierakowskiego-4-211-ID42s0W.html#d5cbed223e;Sierakowskiego 4 211;1;;;30.94;Praga-Północ
14096;14100;14899;3XT4I;https://www.otodom.pl/oferta/swietna-lokalizacja-mokotow-wilanow-50-m2-ID3XT4I.html#d5cbed223e;Świetna lokalizacja Mokotów/Wilanów 50 m2;2;421444.0;8490.0;49.64;mazowieckie
14118;14122;14923;42Hts;https://www.otodom.pl/oferta/nowe-mieszkanie-na-bialolece-67m2-ul-klasykow-ID42Hts.html#d5cbed223e;Nowe mieszkanie na Białołęce 67m2 ul. Klasyków;3;594149.04;8856.0;67.09;Białołęka
14188;14192;14996;42E9M;https://www.otodom.pl/oferta/bez-prowizji-apartament-miasteczko-wilanow-ID42E9M.html#441c8e20e7;Bez Prowizji !!! Apartament Miasteczko Wilanów;5;1380000.0;12212.0;113.0;mazowieckie
14208;14212;15019;42DRW;https://www.otodom.pl/oferta/kameralnie-wysoka-jakosc-naturalne-materialy-ID42DRW.html#351bb9de80;Kameralnie.Wysoka Jakość.Naturalne Materiały;4;855457.9;11592.0;73.8;Mokotów
14258;14262;15070;42Cb0;https://www.otodom.pl/oferta/tanie-bezczynszowe-mieszkanie-w-dwurodzinnym-domu-ID42Cb0.html#351bb9de80;Tanie bezczynszowe mieszkanie w dwurodzinnym domu;3;415000.0;4033.0;102.91;Wawer, Miedzeszyn
14337;14341;15155;42yIG;https://www.otodom.pl/oferta/ursynow-3-pokoje-w-dobrej-cenie-ID42yIG.html#b127477e1f;Ursynów 3 pokoje w dobrej cenie;3;898000.0;12829.0;70.0;Ursynów
14474;14478;15307;42s2a;https://www.otodom.pl/oferta/port-praski-ii-33-b2-ID42s2a.html#7a95923f51;Port Praski II 33 B2;3;;;88.21;Praga-Północ
14498;14502;15336;42qdO;https://www.otodom.pl/oferta/sedziowska-apartament-balkon-loggia-ID42qdO.html#7a95923f51;Sędziowska / apartament / balkon / loggia;4;2400000.0;20168.0;119.0;Ochota
14567;14571;15408;42kxm;https://www.otodom.pl/oferta/swietna-lokalizacja-nowoczesny-budynek-wybor-ID42kxm.html#1b89622892;Świetna lokalizacja.Nowoczesny budynek. Wybór;2;597840.0;12000.0;49.82;Wola
14646;14650;15490;40hqQ;https://www.otodom.pl/oferta/ursa-home-uh-e-52-ID40hqQ.html#f05d624594;Ursa Home UH/E/52;3;472340.0;7600.0;62.15;Ursus
14732;14736;15579;42bf0;https://www.otodom.pl/oferta/apartamenty-przy-woronicza-3-pok-81-48-m2-iii-p-ID42bf0.html#9e64b416d1;Apartamenty przy Woronicza, 3-pok, 81,48 m2, III p;3;976130.0;11980.0;81.48;Mokotów, Wierzbno
14815;14819;15667;426wY;https://www.otodom.pl/oferta/sierakowskiego-4-250-ID426wY.html#c49c4d0921;Sierakowskiego 4 250;2;;;52.68;Praga-Północ
14817;14821;15669;426wQ;https://www.otodom.pl/oferta/sierakowskiego-4-248-ID426wQ.html#c49c4d0921;Sierakowskiego 4 248;1;;;38.78;Praga-Północ
14850;14854;15706;425u1;https://www.otodom.pl/oferta/dwa-polaczone-mieszkania-mozliwosc-rozdzielenia-ID425u1.html#b9fee57cb3;Dwa połączone mieszkania - możliwość rozdzielenia;3;679000.0;9563.0;71.0;Włochy
14960;14964;15820;41XaV;https://www.otodom.pl/oferta/3-pokojowe-z-przepieknym-widokiem-na-warszawe-ID41XaV.html#85a6810622;3 pokojowe z przepięknym widokiem na Warszawę.;3;750000.0;10033.0;74.75;Praga-Południe, Gocław
15067;15071;15934;41Hoz;https://www.otodom.pl/oferta/duze-i-wysokie-mieszkanie-w-kamienicy-ID41Hoz.html#19534fd4ce;Duże i wysokie mieszkanie w kamienicy;5;890000.0;6465.0;137.66;Wawer
15170;15174;16041;41xZB;https://www.otodom.pl/oferta/kawalerka-z-balkonem-kamienica-praga-polnoc-ID41xZB.html#69f92be883;Kawalerka z balkonem. Kamienica Praga Północ!;1;228000.0;8722.0;26.14;Praga-Północ, Szmulowizna
15195;15199;16070;3Sbjq;https://www.otodom.pl/oferta/dwupoziomowe-metro-dwa-balkony-cicha-okolica-ID3Sbjq.html#385a56ef27;Dwupoziomowe, metro, dwa balkony, cicha okolica;6;1250000.0;7151.0;174.81;Ursynów, Kabaty
15206;15210;16081;3PwMQ;https://www.otodom.pl/oferta/tarchomin-3-pok-60-05m2-11-80m2-tarasu-ID3PwMQ.html#385a56ef27;Tarchomin (3 pok.) 60,05m2 + 11,80m2 Tarasu!;3;488206.5;8130.0;60.05;Białołęka, Tarchomin
15243;15247;16119;3Pmwe;https://www.otodom.pl/oferta/mieszkanie-warszawa-praga-poludnie-ID3Pmwe.html#385a56ef27;Mieszkanie - Warszawa Praga-Południe;2;680000.0;8941.0;76.05;Praga-Południe
15270;15274;16149;41km1;https://www.otodom.pl/oferta/sierakowskiego-4-159-ID41km1.html#11a04bd79f;Sierakowskiego 4 159;3;;;68.57;Praga-Północ
15310;15314;16189;41iQs;https://www.otodom.pl/oferta/szczesliwice-apartament-ID41iQs.html#11a04bd79f;Szczęśliwice apartament;3;1260000.0;21356.0;59.0;Ochota, Szczęśliwice
15386;15390;16268;3HXIg;https://www.otodom.pl/oferta/2-pokoje-z-balkonem-klucze-na-juz-ID3HXIg.html#bacdf08b9b;! 2 pokoje z balkonem! Klucze na JUŻ !;2;308000.0;7512.0;41.0;Białołęka
15392;15396;16274;40Tbt;https://www.otodom.pl/oferta/trzypokojowe-mieszkanie-na-ulicy-anielewicza-ID40Tbt.html#bacdf08b9b;Trzypokojowe mieszkanie na ulicy Anielewicza;3;539000.0;11229.0;48.0;Wola
15454;15458;16340;3XeUQ;https://www.otodom.pl/oferta/wspanialy-apartament-w-centrum-warszawy-ID3XeUQ.html#c041dd4898;Wspaniały apartament w centrum Warszawy;3;1900000.0;14614.0;130.01;Wola
15594;15598;16487;412vQ;https://www.otodom.pl/oferta/port-praski-ii-5-ID412vQ.html#e2c33a0d43;Port Praski II 5;3;;;70.11;Praga-Północ
15824;15828;16732;40gPO;https://www.otodom.pl/oferta/marywilska-osiedle-kameralne-mar-a-41-ID40gPO.html#2a3ae2d257;Marywilska Osiedle Kameralne MAR/A/41;3;449176.8;6330.0;70.96;Białołęka
15862;15866;16770;400NV;https://www.otodom.pl/oferta/sprzedam-2-pokoje-38-m2-150m-do-metra-szwedzka-ID400NV.html#2a3ae2d257;Sprzedam 2 pokoje 38 m2 - 150m do Metra Szwedzka;2;494000.0;12997.0;38.01;Praga-Północ
16017;16023;16935;3Yfwq;https://www.otodom.pl/oferta/kawalerka-25m2-jagiellonska-doskonala-lokalizacja-ID3Yfwq.html#8079ac9da0;Kawalerka 25m2 Jagiellońska Doskonała Lokalizacja!;1;270000.0;10800.0;25.0;Praga-Północ
16075;16081;16997;3XtG0;https://www.otodom.pl/oferta/3-pokoje-w-doskonalej-lokalizacji-62-m2-mokotow-ID3XtG0.html#70cc457281;3 pokoje w doskonałej lokalizacji, 62 m2,Mokotów !;3;551500.0;8895.0;62.0;Mokotów
16111;16117;17036;3WLnG;https://www.otodom.pl/oferta/luksusowe-2-pok-48-m2-wola-ul-leszno-15-ID3WLnG.html#a87da4e3a5;Luksusowe 2 pok. 48 m2 Wola ul. Leszno 15;2;670000.0;13947.0;48.04;Wola
16131;16137;17056;3Vyn6;https://www.otodom.pl/oferta/to-juz-ostatnie-sztuki-gotowych-mieszkan-okazja-ID3Vyn6.html#a87da4e3a5;To już ostatnie sztuki gotowych mieszkań, okazja!;3;333000.0;5741.0;58.0;Białołęka
16168;16174;17093;3V4hO;https://www.otodom.pl/oferta/piekny-apartament-147m2-ul-cybernetyki-sluzewiec-ID3V4hO.html#a87da4e3a5;PIĘKNY APARTAMENT 147m2 ul. Cybernetyki, Służewiec;5;1540000.0;10445.0;147.44;Mokotów, Służewiec
16221;16227;17149;3W6Hq;https://www.otodom.pl/oferta/mokotow-komfortowy-apartament-5-pokoi-324-m2-ID3W6Hq.html#7505db3ef9;Mokotów, komfortowy apartament, 5 pokoi, 324 m2;6;3199000.0;9873.0;324.0;Mokotów
16222;16228;17150;3W40I;https://www.otodom.pl/oferta/mieszkanie-92-70-m-warszawa-ID3W40I.html#7505db3ef9;Mieszkanie, 92,70 m², Warszawa;3;930000.0;10032.0;92.7;Praga-Północ
16422;16428;17360;3RAqU;https://www.otodom.pl/oferta/apartamenty-na-mokotowie-ID3RAqU.html#ece5cffd9e;Apartamenty na Mokotowie;2;881760.0;10995.0;80.2;Mokotów
16465;16471;17406;3Oz0g;https://www.otodom.pl/oferta/ciche-atrakcyjne-na-wierzbnie-ID3Oz0g.html#9f5639f25b;Ciche, atrakcyjne na Wierzbnie;1;400000.0;11111.0;36.0;Mokotów, Wierzbno
16474;16480;17415;3QEao;https://www.otodom.pl/oferta/platinum-apartments-najpiekniejszy-apartament-61m2-ID3QEao.html#9f5639f25b;Platinum Apartments-najpiękniejszy apartament 61m2;2;998000.0;16361.0;61.0;Wola
16479;16485;17420;3Qyvg;https://www.otodom.pl/oferta/apartament-3-pokoje-stegny-mokotow-garaz-ID3Qyvg.html#9f5639f25b;apartament 3 pokoje Stegny Mokotów garaż;3;799000.0;9028.0;88.5;Mokotów, Stegny
16634;16640;17583;3JWHe;https://www.otodom.pl/oferta/trzystronne-3-pokoje-2-loggie-i-1-balkon-a63-ID3JWHe.html#14c270e67b;trzystronne 3 pokoje + 2 LOGGIE i 1 BALKON A63;3;;;82.1;Bemowo
16638;16644;17587;3JSFu;https://www.otodom.pl/oferta/duze-3-pokoje-69-88-m2-super-cena-blisko-metra-a52-ID3JSFu.html#14c270e67b;DUŻE 3 pokoje 69,88 m2 SUPER CENA blisko METRA A52;3;;;69.88;Bemowo
16639;16645;17588;3JSBV;https://www.otodom.pl/oferta/duze-5-pokoi-106-42-m2-blisko-metra-polczynska-a44-ID3JSBV.html#14c270e67b;duże 5 pokoi 106,42 m2 blisko METRA Połczyńska A44;5;;;106.42;Bemowo
16779;16785;17735;3BpYc;https://www.otodom.pl/oferta/mieszkanie-87-80-m-warszawa-ID3BpYc.html#4cfd08a1d7;Mieszkanie, 87,80 m², Warszawa;4;619000.0;7050.0;87.8;Praga-Południe, Gocław
16786;16792;17742;3AjBR;https://www.otodom.pl/oferta/mieszkanie-85-33-m-warszawa-ID3AjBR.html#4cfd08a1d7;Mieszkanie, 85,33 m², Warszawa;3;590000.0;6914.0;85.33;Rembertów
16798;16804;17754;3zvCf;https://www.otodom.pl/oferta/mieszkanie-80-06-m-warszawa-ID3zvCf.html#4cfd08a1d7;Mieszkanie, 80,06 m², Warszawa;4;620000.0;7744.0;80.06;Mokotów, Służewiec
16880;16886;17839;3qJyo;https://www.otodom.pl/oferta/wola-1-pokojowe-od-280-tys-metro-ulkasprzaka-ID3qJyo.html#46667e21a2;***WOLA*** 1 pokojowe od 280 tyś.METRO.ulKasprzaka;1;330000.0;12222.0;27.0;Wola
16932;16938;17894;3lhlV;https://www.otodom.pl/oferta/wolanowa-inwestycjasuper-cenymetro-ID3lhlV.html#f010fa660f;***WOLA***Nowa Inwestycja***SUPER CENY***METRO;2;480000.0;10909.0;44.0;Wola
16997;17003;17963;3b6mM;https://www.otodom.pl/oferta/mieszkanie-swiezo-po-remoncie-w-zielonej-okolicy-ID3b6mM.html#bafb13de36;Mieszkanie świeżo po remoncie, w zielonej okolicy.;3;515000.0;9035.0;57.0;Mokotów
17001;17007;17967;3aK8i;https://www.otodom.pl/oferta/przestronne-mieszkanie-czteropokojowe-na-woli-ID3aK8i.html#bafb13de36;Przestronne mieszkanie czteropokojowe na Woli;4;1300000.0;10156.0;128.0;Wola
17032;17038;17998;2Y25z;https://www.otodom.pl/oferta/plac-zbawiciela-okolica-winda-wysokie-ID2Y25z.html#bafb13de36;Plac Zbawiciela / Okolica / winda / wysokie;4;850000.0;10353.0;82.1;Śródmieście
17071;17079;23967;44rvK;https://www.otodom.pl/oferta/mieszkanie-w-kamienicy-stara-ochota-winda-0-ID44rvK.html#65ef490b31;Mieszkanie W Kamienicy, Stara Ochota, Winda, 0%!!!;3;850000.0;12006.0;70.8;Ochota, Stara Ochota
